Network,TOC,Name,CRS,Latitude,Longitude
National Rail,Great Western Railway,Swindon,SWI,51.5657001,-1.7852844
National Rail,Govia Thameslink Railway (Great Northern),Royston,RYS,52.0532089,-0.0269749
National Rail,South Western Railway,Beaulieu Road,BEU,50.8550478,-1.5049707
National Rail,South Western Railway,Sway,SWY,50.7847131,-1.6099505
National Rail,South Western Railway,New Milton,NWM,50.7557623,-1.6576697
National Rail,West Midlands Trains (West Midlands Railway),Canley,CNL,52.3993806,-1.5475333
National Rail,Transport for Wales,Rhyl,RHL,53.3181979,-3.4887917
National Rail,Northern Trains,Sandal and Agbrigg,SNA,53.6628109,-1.480623
National Rail,East Midlands Railway,Wellingborough,WEL,52.3037832,-0.6762814
National Rail,Northern Trains,Ulleskelf,ULL,53.853331,-1.2143782
National Rail,Northern Trains,Adwick,AWK,53.5719324,-1.1798897
National Rail,Northern Trains,Elsecar,ELR,53.4986826,-1.427499
National Rail,Northern Trains,Dodworth,DOD,53.5442059,-1.5320346
National Rail,South Western Railway,Bursledon,BUO,50.8835729,-1.305111
National Rail,South Western Railway,Walton-on-Thames,WAL,51.3728758,-0.4143083
National Rail,West Midlands Trains (West Midlands Railway),Erdington,ERD,52.5283826,-1.8394444
National Rail,West Midlands Trains (West Midlands Railway),Chester Road,CRD,52.5359496,-1.8324115
National Rail,West Midlands Trains (West Midlands Railway),Sutton Coldfield,SUT,52.564801,-1.8251772
National Rail,West Midlands Trains (West Midlands Railway),Gravelly Hill,GVH,52.5153884,-1.8527437
National Rail,Northern Trains,Ardwick,ADK,53.4711613,-2.2132093
National Rail,South Western Railway,Romsey,ROM,50.9927043,-1.4932507
National Rail,South Western Railway,Mottisfont & Dunbridge,DBG,51.0338154,-1.5466785
London Underground,London Underground,Shepherd's Bush Market,ZSB,51.50607,-0.2263134
National Rail;Elizabeth line,Great Western Railway,Maidenhead,MAI,51.5183532,-0.722846
National Rail;Elizabeth line,Elizabeth line,West Drayton,WDT,51.5097364,-0.4718293
London Underground,London Underground,Finchley Central,ZFC,51.6008355,-0.192318
National Rail,South Western Railway,Hedge End,HDE,50.9323988,-1.2944932
National Rail,West Midlands Trains (West Midlands Railway),Butlers Lane,BUL,52.5926207,-1.8383926
National Rail,East Midlands Railway,Kettering,KET,52.3934872,-0.7320452
National Rail,South Western Railway (Island Line),Ryde St John's Road,RYR,50.7241835,-1.1566159
National Rail,South Western Railway (Island Line),Brading,BDN,50.6783048,-1.1386031
National Rail,South Western Railway (Island Line),Smallbrook Junction,SAB,50.7114652,-1.1549982
National Rail,South Western Railway,Dean,DEN,51.0423679,-1.633916
National Rail,Transport for Wales,Lydney,LYD,51.7142815,-2.5304821
National Rail,South Western Railway,Botley,BOE,50.9163612,-1.2590525
National Rail,Great Western Railway,Culham,CUM,51.6538921,-1.2365761
National Rail,Great Western Railway,Appleford,APF,51.6394882,-1.2424741
National Rail,Southeastern,St Mary Cray,SMY,51.394738,0.1057186
National Rail,South Western Railway,Hamble,HME,50.8712423,-1.3289942
National Rail,Transport for Wales,Llandudno Junction,LLJ,53.2838623,-3.8086287
National Rail,Transport for Wales,Flint,FLN,53.2496833,-3.1324867
National Rail,Transport for Wales,Shotton,SHT,53.2136891,-3.0371817
National Rail,West Midlands Trains (London Northwestern Railway),Acton Bridge,ACB,53.2663135,-2.6027539
National Rail,Avanti West Coast,Carlisle,CAR,54.8902575,-2.9330473
National Rail,ScotRail,Carluke,CLU,55.7311168,-3.8489342
National Rail,ScotRail,Newton,NTN,55.8188409,-4.1335767
National Rail,Great Western Railway,Combe,CME,51.8326251,-1.3939977
National Rail,Great Western Railway,Shipton,SIP,51.8659832,-1.5926475
National Rail,Great Western Railway,Finstock,FIN,51.8528179,-1.4696045
National Rail,South Western Railway,Portchester,PTC,50.8488504,-1.125024
National Rail,Northern Trains,Settle,SET,54.0669551,-2.2808342
National Rail,West Midlands Trains (West Midlands Railway),Water Orton,WTO,52.5185309,-1.743655
National Rail,Greater Thameslink Railway,Mill Hill Broadway,MIL,51.6126689,-0.2488001
National Rail,Greater Thameslink Railway,Catford,CTF,51.4444696,-0.0261521
National Rail,South Western Railway,Cosham,CSA,50.8418849,-1.0673875
National Rail,Merseyrail,Ellesmere Port,ELP,53.2821114,-2.8960456
National Rail,Govia Thameslink Railway (Southern),Littlehaven,LVN,51.0793356,-0.3086034
National Rail,Govia Thameslink Railway (Southern),Faygate,FGT,51.0959458,-0.2630067
National Rail,Govia Thameslink Railway (Southern),Ifield,IFI,51.1155376,-0.2144647
National Rail,Gatwick Express,Gatwick Airport,GTW,51.1567346,-0.1609224
National Rail,Govia Thameslink Railway (Southern),Hassocks,HSK,50.9247179,-0.1457168
National Rail,Chiltern Railways,Islip,ISP,51.826163,-1.2376466
National Rail,Chiltern Railways,Bicester Village,BIT,51.8924126,-1.1493759
London Underground,London Underground,Sloane Square,ZSO,51.4922264,-0.1558767
National Rail,South Western Railway,Wokingham,WKM,51.4119036,-0.8429813
National Rail,Great Western Railway,Blackwater,BAW,51.3315657,-0.776776
National Rail,Great Western Railway,Ascott-under-Wychwood,AUW,51.8674576,-1.5639687
National Rail,South Western Railway,Netley,NTL,50.8750016,-1.3417907
National Rail,Transport for Wales,Helsby,HSB,53.2752889,-2.7711482
National Rail,Great Western Railway,Patchway,PWY,51.5258271,-2.5623447
National Rail,South Western Railway,Hinton Admiral,HNA,50.752603,-1.7136258
National Rail,Great Western Railway,Yate,YAE,51.5413993,-2.4321734
National Rail,South Western Railway,Fratton,FTN,50.7964461,-1.0732559
National Rail,Chiltern Railways,Bicester North,BCS,51.9032906,-1.149781
National Rail,Great Western Railway,Gomshall,GOM,51.2192418,-0.4422487
National Rail,Great Western Railway,Trowbridge,TRO,51.3200055,-2.2143313
National Rail,Govia Thameslink Railway (Southern),Ashurst,AHS,51.1284231,0.1526024
Docklands Light Railway,Docklands Light Railway,Cyprus,ZCQ,51.5084776,0.0639692
National Rail;London Underground;London Trams,South Western Railway,Wimbledon,WIM,51.4220252,-0.2052107
National Rail,Transport for Wales,Caldicot,CDT,51.5845063,-2.7597685
National Rail,East Midlands Railway,Stamford,SMD,52.647832,-0.4800873
London Underground,London Underground,Mansion House,ZMH,51.5118924,-0.0952228
National Rail,East Midlands Railway,Narborough,NBR,52.571375,-1.2028089
National Rail,Chiltern Railways,Northolt Park,NLT,51.5574778,-0.3594179
London Underground,London Underground,North Harrow,ZNH,51.5851618,-0.3631762
National Rail,Govia Thameslink Railway (Southern),Penshurst,PHR,51.1972733,0.1731809
National Rail,South Western Railway,Pokesdown,POK,50.7311874,-1.8267335
National Rail,South Western Railway,Parkstone,PKS,50.7229607,-1.9478482
National Rail,South Western Railway,Branksome,BSM,50.7270327,-1.9193721
National Rail,South Western Railway,Poole,POO,50.7193206,-1.98364
National Rail,South Western Railway,Holton Heath,HOL,50.7115682,-2.0776204
National Rail,Transport for Wales,Milford Haven,MFH,51.7157699,-5.0414474
National Rail,Transport for Wales,Johnston,JOH,51.7562757,-4.9967193
National Rail,Transport for Wales,Haverfordwest,HVF,51.8026795,-4.960232
National Rail,Transport for Wales,Fishguard Harbour,FGH,52.0106917,-4.986173
National Rail,Northern Trains,Styal,SYA,53.3482461,-2.2402077
National Rail,Transport for Wales,Chirk,CRK,52.9332472,-3.06615
National Rail,Transport for Wales,Ruabon,RUA,52.98724,-3.0433414
National Rail,Great Western Railway,Bourne End,BNE,51.5769144,-0.710798
National Rail,Transport for Wales,Clarbeston Road,CLR,51.851741,-4.8821559
London Underground;London Overground;National Rail,London Underground,Harrow & Wealdstone,HRW,51.5922178,-0.3348748
National Rail,West Midlands Trains (London Northwestern Railway),Kings Langley,KGL,51.7063008,-0.4379165
National Rail,Transport for Wales,Clunderwen,CUW,51.8401054,-4.7310195
National Rail,Transport for Wales,Whitland,WTL,51.818025,-4.6149893
National Rail,East Midlands Railway,Skegness,SKG,53.1431867,0.3345214
National Rail,East Midlands Railway,Havenhouse,HVN,53.1146157,0.2729912
National Rail,East Midlands Railway,Wainfleet,WFL,53.105157,0.2345795
National Rail,East Midlands Railway,Boston,BSN,52.978108,-0.0313195
National Rail,Govia Thameslink Railway (Southern),Reigate,REI,51.2418815,-0.2038369
National Rail,Transport for Wales,Kilgetty,KGT,51.7322009,-4.7143858
National Rail,Transport for Wales,Tenby,TEN,51.6729708,-4.7067395
National Rail,Transport for Wales,Penally,PNA,51.6589419,-4.7219994
National Rail,Transport for Wales,Manorbier,MRB,51.6602508,-4.7927577
National Rail,Transport for Wales,Lamphey,LAM,51.6671229,-4.8728813
National Rail,Transport for Wales,Pembroke,PMB,51.6730613,-4.9064447
National Rail,ScotRail,Wallyford,WAF,55.9404591,-3.0147883
National Rail,ScotRail,Longniddry,LND,55.9762365,-2.8886468
National Rail,ScotRail,Drem,DRM,56.0051337,-2.7853021
National Rail,ScotRail,Dunbar,DUN,55.9982113,-2.5136844
London Underground,London Underground,North Ealing,ZNE,51.5174885,-0.2887523
National Rail,West Midlands Trains (London Northwestern Railway),St Albans Abbey,SAA,51.7446585,-0.342528
National Rail,West Midlands Trains (London Northwestern Railway),Park Street,PKT,51.7256643,-0.3400687
National Rail,West Midlands Trains (London Northwestern Railway),Bricket Wood,BWO,51.7055662,-0.3591176
National Rail,West Midlands Trains (London Northwestern Railway),Garston,GSN,51.6865229,-0.3818122
National Rail,West Midlands Trains (London Northwestern Railway),Watford North,WFN,51.6750417,-0.3902879
National Rail,West Midlands Trains (London Northwestern Railway),How Wood,HWW,51.7173665,-0.3449434
National Rail,Transport for Wales,Carmarthen,CMN,51.8533058,-4.3057649
National Rail,Northern Trains,Alnmouth,ALM,55.392793,-1.6367716
National Rail,London North Eastern Railway,Berwick-upon-Tweed,BWK,55.7745555,-2.0105423
National Rail,Northern Trains,Chathill,CHT,55.5367261,-1.7066521
National Rail,Transport for Wales,Pembrey and Burry Port,PBY,51.6840593,-4.2489624
National Rail,Transport for Wales,Kidwelly,KWL,51.7343994,-4.3176545
National Rail,Transport for Wales,Llanelli,LLE,51.6737797,-4.1610727
National Rail,Transport for Wales,Ferryside,FYS,51.7682462,-4.3695963
National Rail,Transport for Wales,Port Talbot Parkway,PTA,51.5924394,-3.7817162
National Rail,Transport for Wales,Briton Ferry,BNF,51.6381217,-3.8199836
National Rail,Transport for Wales,Bridgend,BGN,51.5071098,-3.5752586
National Rail,Transport for Wales,Pyle,PYL,51.52536,-3.6976606
National Rail,Transport for Wales,Llanharan,LLR,51.5376296,-3.4416549
National Rail,Transport for Wales,Pontyclun,PYC,51.5238395,-3.3920553
National Rail,Transport for Wales,Aberystwyth,AYW,52.4138938,-4.0815468
National Rail,Transport for Wales,Borth,BRH,52.4909831,-4.0496662
National Rail,Transport for Wales,Dovey Junction,DVY,52.564764,-3.9237919
National Rail,Transport for Wales,Machynlleth,MCN,52.5951801,-3.8548131
National Rail,Govia Thameslink Railway (Southern),Brighton,BTN,50.8288602,-0.1407393
National Rail,Transport for Wales,Caersws,CWS,52.5161395,-3.4325953
National Rail,Transport for Wales,Newtown,NWT,52.5122378,-3.3114829
National Rail,Transport for Wales,Welshpool,WLP,52.6580323,-3.1394424
National Rail,Greater Anglia,Dullingham,DUL,52.2015139,0.3658792
National Rail,Northern Trains,MetroCentre,MCE,54.9588888,-1.664932
National Rail,Northern Trains,Armathwaite,AWT,54.809435,-2.7720801
National Rail,Northern Trains,Lazonby and Kirkoswald,LZB,54.7508153,-2.7036908
National Rail,Northern Trains,Langwathby,LGW,54.6943632,-2.6635574
National Rail,Northern Trains,Garsdale,GSD,54.3214617,-2.3263682
National Rail,Northern Trains,Dent,DNT,54.2825661,-2.3636343
National Rail,Northern Trains,Ribblehead,RHD,54.2056394,-2.3607303
National Rail,Northern Trains,Horton-in-Ribblesdale,HIR,54.149217,-2.3020982
National Rail,Govia Thameslink Railway (Southern),Preston Park,PRP,50.8460091,-0.1553443
National Rail,Govia Thameslink Railway (Great Northern),Baldock,BDK,51.9929714,-0.1875624
National Rail,Chiltern Railways,Hatton,HTN,52.2951979,-1.6729046
National Rail,Chiltern Railways,Lapworth,LPW,52.3418029,-1.7258138
National Rail,Chiltern Railways,Dorridge,DDG,52.371854,-1.7528556
National Rail,West Midlands Trains (West Midlands Railway),Widney Manor,WMR,52.3960285,-1.7742431
National Rail,Chiltern Railways,Solihull,SOL,52.4146286,-1.7888672
National Rail,West Midlands Trains (West Midlands Railway),Bordesley,BBS,52.4722127,-1.877661
National Rail,West Midlands Trains (West Midlands Railway),Birmingham Snow Hill,BSW,52.4837984,-1.8996588
National Rail,Avanti West Coast,Rugby,RUG,52.3790353,-1.2502743
London Overground,London Overground,Watford High Street,WFH,51.6522296,-0.3924982
National Rail,West Midlands Trains (London Northwestern Railway),Fenny Stratford,FEN,51.9999805,-0.7179834
National Rail,Northern Trains,Staveley,SVL,54.3756184,-2.8190719
National Rail,Chiltern Railways,Monks Risborough,MRS,51.7358193,-0.8293176
National Rail,Chiltern Railways,Haddenham and Thame Parkway,HDM,51.7709259,-0.9420743
National Rail,Chiltern Railways,Saunderton,SDR,51.6758974,-0.8253668
National Rail,Chiltern Railways,Gerrards Cross,GER,51.5887853,-0.5549256
National Rail,Chiltern Railways,Denham Golf Club,DGC,51.5806166,-0.5181943
National Rail,Chiltern Railways,Denham,DNM,51.5787242,-0.4975242
London Underground,London Underground,Ruislip Gardens,ZRG,51.5606573,-0.4104614
National Rail,West Midlands Trains (West Midlands Railway),Tipton,TIP,52.530527,-2.0657314
National Rail,Chiltern Railways,Wendover,WND,51.7618168,-0.7476905
National Rail,Chiltern Railways,Great Missenden,GMN,51.7033896,-0.7092458
National Rail,West Midlands Trains (West Midlands Railway),Smethwick Rolfe Street,SMR,52.4962726,-1.9693703
London Underground;London Overground,London Underground,South Kenton,SOK,51.5700796,-0.3083667
London Underground;London Overground,London Underground,North Wembley,NWB,51.5624017,-0.3038698
National Rail,West Midlands Trains (West Midlands Railway),Lichfield City,LIC,52.6802201,-1.8251247
National Rail,West Midlands Trains (West Midlands Railway),Rugeley Town,RGT,52.7546597,-1.9369103
National Rail,Transport for Wales,Minffordd,MFF,52.9260294,-4.0849025
National Rail,Transport for Wales,Talsarnau,TAL,52.9044005,-4.068266
National Rail,Transport for Wales,Pensarn,PES,52.8304561,-4.1112718
National Rail,Transport for Wales,Dyffryn Ardudwy,DYF,52.7884337,-4.1047297
National Rail,Transport for Wales,Morfa Mawddach,MFA,52.707719,-4.0315882
National Rail,Transport for Wales,Fairbourne,FRB,52.6959804,-4.0490344
National Rail,Transport for Wales,Llwyngwril,LLW,52.6667724,-4.0878014
National Rail,Transport for Wales,Aberdyfi,AVY,52.5443486,-4.0563163
National Rail,Transport for Wales,Penhelyg,PHG,52.545692,-4.0352031
National Rail,East Midlands Railway,Alsager,ASG,53.0930252,-2.2988432
National Rail,West Midlands Trains (West Midlands Railway),Barnt Green,BTG,52.3609702,-1.9924997
National Rail,West Midlands Trains (West Midlands Railway),Droitwich Spa,DTW,52.2683805,-2.1583391
National Rail,West Midlands Trains (West Midlands Railway),Penkridge,PKG,52.7237035,-2.119421
National Rail,West Midlands Trains (West Midlands Railway),Bescot Stadium,BSC,52.5630317,-1.9910802
National Rail,West Midlands Trains (West Midlands Railway),Tame Bridge Parkway,TAB,52.5522851,-1.976025
National Rail,West Midlands Trains (West Midlands Railway),Perry Barr,PRY,52.516406,-1.9023511
National Rail,Govia Thameslink Railway (Great Northern),Arlesey,ARL,52.0258162,-0.2664291
National Rail,Govia Thameslink Railway (Southern),Doleham,DLH,50.9186255,0.6100124
National Rail,Southeastern,Hastings,HGS,50.8583028,0.5768255
National Rail,Great Western Railway,Weston Milton,WNM,51.348402,-2.9428878
National Rail,Great Western Railway,Yatton,YAT,51.3908826,-2.8277046
National Rail,Great Western Railway,Weston-super-Mare,WSM,51.344496,-2.9718305
National Rail,Great Western Railway,Polsloe Bridge,POL,50.7313015,-3.5021627
National Rail,Great Western Railway,Topsham,TOP,50.685645,-3.4637875
National Rail,Great Western Railway,Exton,EXN,50.6680325,-3.4440694
National Rail,Great Western Railway,Lympstone Commando,LYC,50.6625937,-3.4409796
National Rail,Great Western Railway,Exmouth,EXM,50.6215885,-3.4149723
National Rail,West Midlands Trains (West Midlands Railway),Malvern Link,MVL,52.1258094,-2.3195676
National Rail,South Western Railway,Shawford,SHW,51.0221625,-1.3277225
National Rail,West Midlands Trains (West Midlands Railway),Blakedown,BKD,52.4067914,-2.1763936
National Rail,West Midlands Trains (West Midlands Railway),Hagley,HAG,52.4224267,-2.1465358
National Rail,West Midlands Trains (West Midlands Railway),Stourbridge Junction,SBJ,52.4476157,-2.1340314
National Rail,West Midlands Trains (West Midlands Railway),Stourbridge Town,SBT,52.4555918,-2.1418921
National Rail,West Midlands Trains (West Midlands Railway),Lye,LYE,52.4599417,-2.1160497
National Rail,West Midlands Trains (West Midlands Railway),Cradley Heath,CRA,52.4694427,-2.0907047
National Rail,West Midlands Trains (West Midlands Railway),Rowley Regis,ROW,52.4774198,-2.0308221
National Rail,West Midlands Trains (West Midlands Railway),Langley Green,LGG,52.4934857,-2.0054314
National Rail,Govia Thameslink Railway (Great Northern),Meldreth,MEL,52.0908316,0.0091415
National Rail,Greater Thameslink Railway,Leagrave,LEA,51.9054737,-0.4585987
National Rail,ScotRail,Inverness,INV,57.4802331,-4.2227142
National Rail,ScotRail,Beauly,BEL,57.478302,-4.4699354
National Rail,South Western Railway,Swanwick,SNW,50.8757233,-1.2657803
National Rail,Great Western Railway,Kemble,KEM,51.6767954,-2.0230749
National Rail,Chiltern Railways,Sudbury Hill Harrow,SDH,51.5585518,-0.3361821
National Rail,Great Western Railway,Stroud,STD,51.7445273,-2.2192353
National Rail,Great Western Railway,Stonehouse,SHU,51.7459341,-2.2794209
National Rail,South Western Railway,Totton,TTN,50.9176659,-1.4830687
National Rail,Northern Trains,Church Fenton,CHF,53.8270101,-1.2272134
National Rail,Transport for Wales,Cathays,CYS,51.4888964,-3.1789269
National Rail,Transport for Wales,Llandaf,LLN,51.5084984,-3.2292469
London Underground,London Underground,Tooting Bec,ZTB,51.4356228,-0.1597188
National Rail,Northern Trains,Burley Park,BUY,53.8120604,-1.577847
National Rail,Northern Trains,Marske,MSK,54.5873806,-1.0195165
National Rail,ScotRail,Dyce,DYC,57.2057069,-2.1926918
London Underground,London Underground,Clapham North,ZCN,51.4653034,-0.1296388
London Underground,London Underground,Oval,ZOV,51.4818339,-0.1123953
London Underground,London Underground,Kennington,ZKE,51.4882861,-0.1058829
National Rail,ScotRail,Leuchars,LEU,56.374796,-2.8938545
National Rail,ScotRail,Cupar,CUP,56.3172023,-3.0089641
National Rail,ScotRail,Springfield,SPF,56.2949363,-3.0528873
National Rail,ScotRail,Ladybank,LDY,56.2742464,-3.1215949
National Rail,ScotRail,Inverurie,INR,57.2864073,-2.3734847
National Rail,ScotRail,Insch,INS,57.3373738,-2.6169182
National Rail,ScotRail,Huntly,HNT,57.4445079,-2.7757306
National Rail,ScotRail,Keith,KEH,57.5513812,-2.9540057
National Rail,Northern Trains,East Didsbury,EDY,53.4093155,-2.2219984
National Rail,ScotRail,Edinburgh Park,EDP,55.9275816,-3.3075679
National Rail,ScotRail,Newcraighall,NEW,55.9329747,-3.0906705
National Rail,Transport for Wales,Deganwy,DGY,53.2945745,-3.8332541
National Rail,Transport for Wales,Llandudno,LLD,53.3202833,-3.8278226
London Overground,London Overground,Dalston Junction,DLJ,51.5452841,-0.074968
National Rail,East Midlands Railway,Hinckley,HNK,52.5351729,-1.3711055
National Rail,Great Western Railway,Radley,RAD,51.6856231,-1.2402569
National Rail,Northern Trains,Lockwood,LCK,53.6348046,-1.8007875
National Rail,Northern Trains,Berry Brow,BBW,53.6210566,-1.7935694
National Rail,Northern Trains,Honley,HOY,53.6082408,-1.7808523
National Rail,Northern Trains,Brockholes,BHS,53.5970261,-1.7698266
National Rail,Northern Trains,Denby Dale,DBD,53.5728721,-1.663204
National Rail,Northern Trains,Penistone,PNS,53.525632,-1.6226761
National Rail,Northern Trains,Silkstone Common,SLK,53.5353509,-1.5630289
National Rail,Northern Trains,Crowle,CWE,53.5898215,-0.8173514
National Rail,Northern Trains,Althorpe,ALP,53.5855457,-0.732955
National Rail,TransPennine Express,Barnetby,BTB,53.5750127,-0.4097613
National Rail,Northern Trains,Brigg,BGG,53.5490517,-0.4857584
National Rail,Northern Trains,Kirton Lindsey,KTL,53.4852618,-0.5935507
National Rail,Northern Trains,Baildon,BLD,53.8502025,-1.7537033
National Rail,Great Western Railway,Montpelier,MTP,51.4683357,-2.5881158
National Rail,Northern Trains,Long Preston,LPR,54.016726,-2.2553009
National Rail,Northern Trains,Langho,LHO,53.8048112,-2.4488239
National Rail,Northern Trains,Darwen,DWN,53.6979355,-2.4642693
National Rail,Northern Trains,Entwistle,ENT,53.6559805,-2.414053
National Rail,Northern Trains,Kearsley,KSL,53.5445245,-2.3754896
National Rail,Northern Trains,Clifton,CLI,53.5223155,-2.3141164
National Rail,Govia Thameslink Railway (Southern),North Dulwich,NDL,51.4541783,-0.0883292
National Rail,Great Western Railway,Stapleton Road,SRD,51.467446,-2.5663184
National Rail,Great Western Railway,Lawrence Hill,LWH,51.45858,-2.56417
National Rail,ScotRail,Port Glasgow,PTG,55.9335317,-4.6904781
National Rail,ScotRail,Branchton,BCN,55.9405482,-4.8036446
National Rail,ScotRail,Paisley Gilmour Street,PYG,55.8473867,-4.4242818
National Rail,ScotRail,Cardonald,CDO,55.8527558,-4.3403698
National Rail,ScotRail,Bishopton,BPT,55.9023584,-4.5008001
National Rail,Northern Trains,Blackrod,BLK,53.5912146,-2.5698672
National Rail,South Western Railway,Moreton,MTN,50.701184,-2.3141397
National Rail,South Western Railway,Wool,WOO,50.681661,-2.2213123
National Rail,Northern Trains,Wavertree Technology Park,WAV,53.4052171,-2.9228151
National Rail,Northern Trains,Lea Green,LEG,53.4267142,-2.7251202
National Rail,Northern Trains,Thatto Heath,THH,53.4366896,-2.7594696
National Rail,Northern Trains,Garswood,GSW,53.4880481,-2.6719929
National Rail,Northern Trains,Bryn,BYN,53.4997249,-2.6476163
National Rail,ScotRail,Wick,WCK,58.4417398,-3.098527
National Rail,ScotRail,Georgemas Junction,GGJ,58.5135504,-3.4513992
National Rail,ScotRail,Thurso,THS,58.5897358,-3.5278692
National Rail,ScotRail,Altnabreac,ABC,58.3881251,-3.7061485
National Rail,Northern Trains,Gatley,GTY,53.3932392,-2.2306618
London Overground,London Overground,Walthamstow Queen's Road,WMW,51.5815237,-0.0237594
National Rail,Govia Thameslink Railway (Southern),Aldrington,AGT,50.8363558,-0.1817423
National Rail,Avanti West Coast,Warrington Bank Quay,WBQ,53.3859367,-2.6031782
National Rail,Northern Trains,Eccles,ECC,53.4855266,-2.3340515
National Rail,Transport for Wales,Criccieth,CCC,52.9183781,-4.2372963
National Rail,West Midlands Trains (West Midlands Railway),Stechford,SCF,52.4851563,-1.8110345
National Rail,West Midlands Trains (West Midlands Railway),Lea Hall,LEH,52.4805217,-1.786031
London Underground,London Underground,St. James's Park,ZSS,51.4992816,-0.1345942
National Rail,West Midlands Trains (West Midlands Railway),Hampton-in-Arden,HIA,52.4286358,-1.6997231
National Rail;Elizabeth line,Elizabeth line,Iver,IVR,51.5086086,-0.5068108
London Underground,London Underground,Westminster,ZWM,51.5013562,-0.1249302
National Rail,Greater Anglia,Derby Road,DBR,52.0505184,1.1826954
National Rail,Greater Anglia,Felixstowe,FLX,51.9670171,1.3498136
National Rail,Greater Anglia,Westerfield,WFI,52.0810968,1.1662429
National Rail,South Western Railway,Thames Ditton,THD,51.3890554,-0.339152
National Rail,Great Western Railway,Teignmouth,TGM,50.5481567,-3.4946798
National Rail,Govia Thameslink Railway (Southern),Coulsdon Town,CDN,51.3220643,-0.134245
National Rail,Govia Thameslink Railway (Southern),Woodmansterne,WME,51.3190513,-0.1538819
National Rail,Govia Thameslink Railway (Southern),Kingswood,KND,51.2947305,-0.2110536
National Rail,Govia Thameslink Railway (Southern),Reedham,RHM,51.3311286,-0.1234206
National Rail,Greater Anglia,Brundall Gardens,BGA,52.6233987,1.4185238
National Rail,Great Western Railway,Keynsham,KYN,51.418071,-2.4958797
National Rail,Great Western Railway,Clifton Down,CFN,51.4644315,-2.6114362
National Rail,West Midlands Trains (London Northwestern Railway),Bedford St Johns,BSJ,52.1293672,-0.4676347
National Rail,ScotRail,Dalgety Bay,DAG,56.0422731,-3.367249
National Rail,ScotRail,Aberdour,AUR,56.0547554,-3.3009757
National Rail,ScotRail,Burntisland,BTS,56.0573493,-3.2338286
National Rail,ScotRail,Kinghorn,KGH,56.069094,-3.1744897
National Rail,ScotRail,Glenrothes with Thornton,GLT,56.162291,-3.1429347
National Rail,ScotRail,Cardenden,CDD,56.141062,-3.2609812
National Rail,ScotRail,Lochgelly,LCG,56.1348998,-3.3134751
National Rail,ScotRail,Cowdenbeath,COW,56.1116531,-3.3432863
National Rail,ScotRail,Dunfermline Queen Margaret,DFL,56.0801657,-3.4217706
National Rail,ScotRail,Dunfermline City,DFE,56.0681116,-3.4523618
National Rail,ScotRail,Rosyth,ROS,56.0453763,-3.4263289
National Rail,Great Western Railway,Exeter St Thomas,EXT,50.717201,-3.5388213
National Rail,ScotRail,Muir of Ord,MOO,57.5176683,-4.4602186
National Rail,ScotRail,Dingwall,DIN,57.5941965,-4.422199
National Rail,ScotRail,Alness,ASS,57.6944251,-4.2499451
National Rail,ScotRail,Invergordon,IGD,57.6890832,-4.1742602
National Rail,ScotRail,Fearn,FRN,57.7780916,-3.9939337
National Rail,ScotRail,Tain,TAI,57.8144887,-4.0521292
National Rail,ScotRail,Ardgay,ARD,57.8815701,-4.362216
National Rail,ScotRail,Lairg,LRG,58.0018896,-4.3998683
National Rail,ScotRail,Golspie,GOL,57.9712775,-3.98726
National Rail,ScotRail,Dunrobin Castle,DNO,57.9857817,-3.9473688
National Rail,ScotRail,Brora,BRA,58.0131432,-3.8523419
National Rail,ScotRail,Helmsdale,HMS,58.1177286,-3.6591456
National Rail,ScotRail,Garve,GVE,57.6131055,-4.6883753
National Rail,ScotRail,Achnasheen,ACN,57.5793199,-5.0721994
National Rail,ScotRail,Stromeferry,STF,57.3522003,-5.5507696
National Rail,ScotRail,Plockton,PLK,57.3335912,-5.6658916
National Rail,ScotRail,Kyle of Lochalsh,KYL,57.2802066,-5.7138678
National Rail,ScotRail,Carrbridge,CAG,57.279486,-3.8282176
National Rail,Great Western Railway,Oldfield Park,OLF,51.379209,-2.3801536
National Rail,ScotRail,Elgin,ELG,57.6427907,-3.3111359
National Rail,ScotRail,Polmont,PMT,55.9844795,-3.7144735
National Rail,ScotRail,Linlithgow,LIN,55.9763936,-3.5957872
National Rail,Greater Anglia,Brundall,BDA,52.6195374,1.4389568
National Rail,ScotRail,Fort William,FTW,56.8205581,-5.1053126
National Rail,ScotRail,Banavie,BNV,56.8438445,-5.0958983
National Rail,ScotRail,Lochailort,LCL,56.8814375,-5.6632962
National Rail,ScotRail,Locheilside,LCS,56.8559844,-5.2903522
National Rail,ScotRail,Loch Eil Outward Bound,LHE,56.8554042,-5.1929207
National Rail,Greater Anglia,Colchester Town,CET,51.8865086,0.9054279
National Rail,ScotRail,Milngavie,MLN,55.9408745,-4.3142827
National Rail,ScotRail,Hillfoot,HLF,55.9203329,-4.319724
National Rail,ScotRail,Bearsden,BRN,55.9169433,-4.3326044
National Rail,ScotRail,Cardross,CDR,55.9602378,-4.652967
National Rail,ScotRail,Craigendoran,CGD,55.9948435,-4.7119204
National Rail,Northern Trains,Morley,MLY,53.7505897,-1.589163
National Rail,Transport for Wales,Hope (Flintshire),HPE,53.1168595,-3.0372474
National Rail,Transport for Wales,Caergwrle,CGW,53.1080757,-3.0332101
National Rail,Transport for Wales,Cefn-y-Bedd,CYB,53.0988378,-3.0308499
National Rail,Transport for Wales,Gwersyllt,GWE,53.0727884,-3.0176175
National Rail,ScotRail,Gretna Green,GEA,55.0007365,-3.066695
National Rail,ScotRail,Annan,ANN,54.9835121,-3.2628103
National Rail,ScotRail,Dumfries,DMF,55.0727039,-3.6044458
National Rail,ScotRail,Sanquhar,SQH,55.3709645,-3.9246994
National Rail,ScotRail,Kirkconnel,KRK,55.3875092,-3.9988105
National Rail,ScotRail,New Cumnock,NCK,55.4022358,-4.1833546
National Rail,ScotRail,Auchinleck,AUK,55.4698739,-4.2959612
National Rail,ScotRail,Troon,TRN,55.5427424,-4.6555229
National Rail,ScotRail,Kilmarnock,KMK,55.6125595,-4.4994085
National Rail,Merseyrail,Cressington,CSG,53.3586932,-2.912095
National Rail,Great Western Railway,Freshford,FFD,51.3417702,-2.3005891
National Rail,ScotRail,Bowling,BWG,55.9310545,-4.4929182
National Rail,ScotRail,Helensburgh Central,HLC,56.0038456,-4.7315696
National Rail,ScotRail,Forsinard,FRS,58.3568564,-3.8969589
National Rail,ScotRail,Lochwinnoch,LHW,55.7871745,-4.6157219
National Rail,Greater Thameslink Railway,St. Helier,SIH,51.389451,-0.1988601
National Rail,Greater Thameslink Railway,Sutton Common,SUC,51.3754313,-0.1961049
National Rail,ScotRail,Spean Bridge,SBR,56.8898718,-4.9216232
National Rail,Transport for Wales,Neston,NES,53.2917467,-3.0629961
National Rail,West Midlands Trains (West Midlands Railway),Wylde Green,WYL,52.5456367,-1.8314515
National Rail,Merseyrail,Aigburth,AIG,53.3645118,-2.9266096
National Rail,Great Western Railway,Bedminster,BMT,51.4406058,-2.5936286
National Rail,Great Western Railway,Parson Street,PSN,51.432994,-2.6085368
National Rail,Transport for Wales,Penmaenmawr,PMW,53.2705474,-3.9235064
National Rail,Transport for Wales,Llanfairfechan,LLF,53.2569753,-3.983123
National Rail,Transport for Wales,Llanfairpwll,LPG,53.2208651,-4.2093569
National Rail,Transport for Wales,Bodorgan,BOR,53.2041893,-4.4162913
National Rail,Transport for Wales,Ty Croes,TYC,53.2225426,-4.4739623
National Rail,Transport for Wales,Rhosneigr,RHO,53.2346794,-4.5058449
National Rail,Transport for Wales,Valley,VAL,53.2815404,-4.5634307
National Rail,East Midlands Railway,Heckington,HEC,52.9772075,-0.2938084
National Rail,East Midlands Railway,Sleaford,SLR,52.9955161,-0.4101594
National Rail,East Midlands Railway,Rauceby,RAU,52.9852782,-0.4559695
National Rail,East Midlands Railway,Elton and Orston,ELO,52.9521534,-0.8554051
National Rail,ScotRail,Cartsdyke,CDY,55.9422124,-4.7323622
National Rail,ScotRail,Bogston,BGS,55.9371847,-4.7122765
National Rail,ScotRail,Woodhall,WDL,55.9314376,-4.6566353
National Rail,ScotRail,Langbank,LGB,55.9245747,-4.5861277
National Rail,ScotRail,Paisley St James,PYJ,55.85212,-4.4424606
National Rail,ScotRail,Hillington West,HLW,55.8558618,-4.3710945
National Rail,ScotRail,Hillington East,HLE,55.8542302,-4.3549043
National Rail,ScotRail,Bellgrove,BLG,55.8567027,-4.2243365
National Rail,ScotRail,Duke Street,DST,55.8586614,-4.2125984
National Rail,ScotRail,South Gyle,SGL,55.936508,-3.2993662
National Rail,Southeastern,Faversham,FAV,51.3116525,0.8906635
National Rail,West Midlands Trains (London Northwestern Railway),Aspley Guise,APG,52.0212048,-0.6326933
National Rail,West Midlands Trains (London Northwestern Railway),Ridgmont,RID,52.026389,-0.5948488
National Rail,West Midlands Trains (London Northwestern Railway),Stewartby,SWR,52.0690354,-0.5207575
National Rail,ScotRail,Paisley Canal,PCN,55.840182,-4.4227595
National Rail,Great Western Railway,Severn Beach,SVB,51.5596758,-2.6645392
National Rail,Northern Trains,Battersby,BTT,54.4575551,-1.0933566
National Rail;Elizabeth line,Elizabeth line,Burnham,BNM,51.5233926,-0.6470844
National Rail,Merseyrail,Brunswick,BRW,53.3832177,-2.9760156
National Rail,ScotRail,Greenock Central,GKC,55.9452099,-4.7518756
National Rail,ScotRail,Whinhill,WNL,55.9383768,-4.7466858
National Rail,Govia Thameslink Railway (Southern),Southbourne,SOB,50.8481981,-0.9071791
National Rail,Govia Thameslink Railway (Southern),Emsworth,EMS,50.8516544,-0.9385075
National Rail,ScotRail,Argyle Street,AGS,55.8576248,-4.2505836
National Rail,ScotRail,Anderston,AND,55.8597738,-4.2702586
National Rail,ScotRail,Crossmyloof,CMY,55.8337247,-4.284793
National Rail,ScotRail,Shawlands,SHL,55.8292992,-4.2923196
National Rail,ScotRail,Thorntonhall,THT,55.7683101,-4.2505925
National Rail,ScotRail,Giffnock,GFN,55.8039361,-4.2929605
National Rail,ScotRail,Thornliebank,THB,55.8110927,-4.3117061
National Rail,South Western Railway,Hilsea,HLS,50.8283898,-1.058643
National Rail,Transport for Wales,Hawarden Bridge,HWB,53.2181863,-3.0322864
National Rail,ScotRail,Williamwood,WLM,55.7940114,-4.2899228
National Rail,ScotRail,Cathcart,CCT,55.8177954,-4.2603903
National Rail,ScotRail,Patterton,PTT,55.7905841,-4.3352786
National Rail,ScotRail,Neilston,NEI,55.7828151,-4.4272019
National Rail,ScotRail,Maxwell Park,MAX,55.8376638,-4.288521
National Rail,ScotRail,Pollokshields West,PLW,55.8376405,-4.2761545
National Rail,Transport for Wales,Llanwrtyd,LNW,52.1046083,-3.6322246
National Rail,ScotRail,Crookston,CKT,55.8422333,-4.3651014
National Rail,Northern Trains,Ravensthorpe,RVN,53.6755593,-1.6557481
National Rail,Transport for Wales,Penrhyndeudraeth,PRH,52.9287802,-4.0645064
National Rail,Transport for Wales,Harlech,HRL,52.861755,-4.1092654
National Rail,ScotRail,Hawkhead,HKH,55.8421016,-4.3995361
National Rail,ScotRail,Mount Florida,MFL,55.8268033,-4.2611049
National Rail,Great Western Railway,Ivybridge,IVY,50.3935074,-3.9051778
National Rail,Great Western Railway,Torquay,TQY,50.4610509,-3.5430302
National Rail,Great Western Railway,Torre,TRR,50.4727465,-3.5462153
National Rail,West Midlands Trains (West Midlands Railway),Walsall,WSL,52.5841365,-1.9852679
National Rail,Northern Trains,Croston,CSO,53.6674573,-2.7779892
National Rail,Northern Trains,Burscough Junction,BCJ,53.5975512,-2.8405323
National Rail,Northern Trains,Salwick,SLW,53.7817543,-2.8182384
National Rail,Northern Trains,Kirkham and Wesham,KKM,53.7869046,-2.8833796
National Rail,Northern Trains,Moss Side,MOS,53.7647531,-2.9429624
National Rail,Northern Trains,Silverdale,SVR,54.1693432,-2.8037976
National Rail,Northern Trains,Carnforth,CNF,54.1296244,-2.7714886
National Rail,Northern Trains,Layton,LAY,53.8353457,-3.0299186
National Rail,Transport for Wales,Pembroke Dock,PMD,51.6938827,-4.9375963
National Rail,Northern Trains,Euxton Balshaw Lane,EBA,53.6598241,-2.6716808
National Rail,Northern Trains,Bramhall,BML,53.3601721,-2.1623117
National Rail,Southeastern,Queenborough,QBR,51.4159485,0.7497742
National Rail,Southeastern,Sheerness-on-Sea,SSS,51.4407137,0.7583155
National Rail,Southeastern,Kemsley,KML,51.3617377,0.7349601
National Rail,Greater Anglia,Hockley,HOC,51.6036509,0.6591006
National Rail,Northern Trains,Burnley Central,BNC,53.7935522,-2.2447896
National Rail,Northern Trains,Burnley Barracks,BUB,53.790928,-2.2579533
National Rail,Northern Trains,Nelson,NEL,53.8347164,-2.2142644
National Rail,Northern Trains,Brierfield,BRF,53.8243669,-2.236243
National Rail,Northern Trains,Redcar East,RCE,54.609055,-1.0519248
National Rail,Govia Thameslink Railway (Southern),Worthing,WRH,50.8186425,-0.3761766
London Underground;London Overground,London Underground,Blackhorse Road,BHO,51.5867174,-0.0416453
National Rail,Northern Trains,Denton,DTN,53.4574018,-2.1309424
National Rail,Northern Trains,Reddish South,RDS,53.4359636,-2.1586843
National Rail,Northern Trains,Middlewood,MDL,53.3600557,-2.0835284
National Rail,Merseyrail,Southport,SOP,53.6468651,-3.0028279
National Rail,ScotRail,Mosspark,MPK,55.8406701,-4.3471881
National Rail,ScotRail,Corkerhill,CKH,55.8374699,-4.3343276
National Rail,Transport for Wales,Tygwyn,TYG,52.893747,-4.0785957
National Rail;Elizabeth line,Elizabeth line,Taplow,TAP,51.5234431,-0.6817302
National Rail,Southeastern,Higham,HGM,51.426953,0.4660183
National Rail,Govia Thameslink Railway (Southern),West Worthing,WWO,50.818373,-0.3933519
National Rail,Greater Anglia,Trimley,TRM,51.9766523,1.3194153
National Rail,Great Western Railway,St Andrews Road,SAR,51.5124477,-2.6964411
National Rail,Great Western Railway,Shirehampton,SHH,51.4842773,-2.6789317
National Rail,Northern Trains,Pemberton,PEM,53.530526,-2.6695158
National Rail,Northern Trains,Wigan Wallgate,WGW,53.5450582,-2.6342351
National Rail,ScotRail,Wishaw,WSH,55.772201,-3.926309
National Rail,ScotRail,Uddingston,UDD,55.8235614,-4.0870218
National Rail,ScotRail,Cambuslang,CBL,55.8194533,-4.1730177
National Rail,ScotRail,Airbles,AIR,55.7820658,-3.9946997
National Rail,ScotRail,Hamilton West,HNW,55.7793567,-4.055493
National Rail,ScotRail,Blantyre,BLT,55.7972986,-4.0868786
National Rail,ScotRail,Burnside,BUI,55.8169392,-4.2031241
National Rail,ScotRail,Croftfoot,CFF,55.8182468,-4.2282424
National Rail,ScotRail,Kings Park,KGP,55.8195122,-4.2462819
National Rail,ScotRail,Johnstone,JHN,55.8342806,-4.5030863
National Rail,ScotRail,Howwood,HOZ,55.8105718,-4.5625091
National Rail,ScotRail,Glengarnock,GLG,55.7389842,-4.6748972
National Rail,ScotRail,Dalry,DLY,55.70599,-4.7111352
National Rail,Northern Trains,Rainhill,RNH,53.4172066,-2.7662934
National Rail,Northern Trains,Orrell,ORR,53.53016,-2.7091136
National Rail,Northern Trains,Upholland,UPL,53.5284097,-2.7410475
National Rail,Northern Trains,Rainford,RNF,53.5171092,-2.7885785
National Rail,ScotRail,Irvine,IRV,55.6111945,-4.6747819
National Rail,ScotRail,Stevenston,STV,55.6342495,-4.7501074
National Rail,ScotRail,Ardrossan South Beach,ASB,55.6411104,-4.8005345
National Rail,ScotRail,Ardrossan Town,ADN,55.640213,-4.8120759
National Rail,ScotRail,Ardrossan Harbour,ADS,55.6395086,-4.8202505
National Rail,ScotRail,West Kilbride,WKB,55.6964342,-4.8513782
National Rail,ScotRail,Fairlie,FRL,55.7518932,-4.8531864
National Rail,ScotRail,Largs,LAR,55.7924967,-4.8670329
National Rail,ScotRail,Maryhill,MYH,55.8975029,-4.3011492
National Rail,ScotRail,Kennishead,KNS,55.8134577,-4.324607
National Rail,ScotRail,Nitshill,NIT,55.8118935,-4.3604363
National Rail,Merseyrail,Kirkby,KIR,53.4863899,-2.9028054
National Rail,Merseyrail,Aintree,AIN,53.4738148,-2.9563311
National Rail,Merseyrail,Waterloo,WLO,53.4746595,-3.0251924
National Rail,Merseyrail,Formby,FBY,53.5543155,-3.0709185
National Rail,Merseyrail,Ainsdale,ANS,53.6018568,-3.04264
National Rail,Merseyrail,Seaforth & Litherland,SFL,53.4655761,-3.0047956
National Rail,Merseyrail,Bootle New Strand,BNW,53.4527853,-2.9946156
National Rail,Merseyrail,Bootle Oriel Road,BOT,53.4467,-2.9956678
National Rail,ScotRail,Pollokshaws East,PWE,55.8248032,-4.2871464
National Rail,ScotRail,Langside,LGS,55.8209593,-4.2763033
National Rail,ScotRail,Crosshill,COI,55.833259,-4.2566597
National Rail,ScotRail,Queens Park,QPK,55.8353494,-4.2669649
National Rail,ScotRail,Dunlop,DNL,55.7119142,-4.5323997
National Rail,ScotRail,Stewarton,STT,55.68208,-4.518166
National Rail,ScotRail,Kilmaurs,KLM,55.6371026,-4.5305498
National Rail,ScotRail,Maybole,MAY,55.3546492,-4.6853779
National Rail,ScotRail,Girvan,GIR,55.2462778,-4.8480843
National Rail,ScotRail,Barrhill,BRL,55.0975281,-4.7821386
National Rail,ScotRail,Stranraer,STR,54.9092782,-5.0246884
National Rail,ScotRail,Dumbreck,DUM,55.8449511,-4.3007989
National Rail,Northern Trains,Bare Lane,BAR,54.0746566,-2.8349663
National Rail,Northern Trains,Morecambe,MCM,54.0703282,-2.8685482
National Rail,Northern Trains,Heysham Port,HHB,54.0333273,-2.912999
National Rail,ScotRail,Greenock West,GKW,55.9472002,-4.767762
National Rail,ScotRail,Inverkip,INP,55.9060729,-4.8723695
National Rail,ScotRail,Wemyss Bay,WMS,55.8762565,-4.8893143
National Rail,ScotRail,Mount Vernon,MTV,55.8404655,-4.1326839
National Rail,ScotRail,Bargeddie,BGI,55.8512996,-4.0737519
National Rail,ScotRail,Baillieston,BIO,55.8445129,-4.1137169
National Rail,Great Western Railway,Falmouth Docks,FAL,50.150832,-5.0556071
National Rail,Great Western Railway,Falmouth Town,FMT,50.148352,-5.0648535
National Rail,Great Western Railway,Penmere,PNM,50.1503799,-5.0832589
National Rail,Great Western Railway,Penryn,PYN,50.1705802,-5.1115102
National Rail,Great Western Railway,Perranwell,PRW,50.2166069,-5.1119985
National Rail,Great Western Railway,Menheniot,MEN,50.4266018,-4.4095333
National Rail,Great Western Railway,St Germans,SGM,50.3941993,-4.3084706
National Rail,Great Western Railway,Saltash,STS,50.4072015,-4.2091547
National Rail,Great Western Railway,Keyham,KEY,50.3899651,-4.1798923
National Rail,ScotRail,Holytown,HLY,55.812564,-3.9734878
National Rail,ScotRail,Shotts,SHS,55.8185654,-3.7990785
National Rail,ScotRail,Addiewell,ADW,55.8434492,-3.6063049
National Rail,ScotRail,Fauldhouse,FLD,55.8224448,-3.7192484
National Rail,ScotRail,Breich,BRC,55.8275461,-3.6672602
National Rail,Transport for Wales,Dingle Road,DGL,51.4399232,-3.1798165
National Rail,Transport for Wales,Cogan,CGN,51.4461638,-3.189048
National Rail,Transport for Wales,Eastbrook,EBK,51.4378361,-3.2062588
National Rail,Transport for Wales,Dinas Powys,DNS,51.4312712,-3.219067
National Rail,Transport for Wales,Cardiff Bay,CDB,51.4676414,-3.1667818
National Rail,Merseyrail,Leasowe,LSW,53.4080707,-3.0999836
National Rail,Merseyrail,Moreton,MRT,53.407278,-3.1132099
National Rail,Transport for Wales,Upton,UPT,53.3864448,-3.084131
National Rail;London Overground;Elizabeth line,Elizabeth line,Romford,RMF,51.5747271,0.1826107
National Rail,Govia Thameslink Railway (Southern),Angmering,ANG,50.8165151,-0.4881271
National Rail,Transport for Wales,Taffs Well,TAF,51.541246,-3.2638822
National Rail,Transport for Wales,Treforest Estate,TRE,51.5681608,-3.2902376
National Rail,Transport for Wales,Trefforest,TRF,51.591903,-3.3249641
National Rail,Govia Thameslink Railway (Southern),Southwick,SWK,50.8324714,-0.2371421
National Rail,ScotRail,Fort Matilda,FTM,55.9589194,-4.7952091
National Rail,West Midlands Trains (West Midlands Railway),Wood End,WDE,52.3442757,-1.844423
National Rail,West Midlands Trains (West Midlands Railway),Stratford-upon-Avon,SAV,52.1949449,-1.7163038
National Rail,West Midlands Trains (West Midlands Railway),Whitlocks End,WTE,52.3919065,-1.8514355
National Rail,West Midlands Trains (West Midlands Railway),Wythall,WYT,52.3801248,-1.8654559
National Rail,West Midlands Trains (West Midlands Railway),Henley-in-Arden,HNL,52.2914546,-1.7839992
National Rail,West Midlands Trains (West Midlands Railway),Stratford-upon-Avon Parkway,STY,52.2065538,-1.7304498
National Rail,Transport for Wales,Radyr,RDR,51.5165903,-3.2490261
National Rail,Great Western Railway,Newton St Cyres,NTC,50.7787677,-3.5888232
National Rail,Great Western Railway,Crediton,CDI,50.7833186,-3.6467418
National Rail,Great Western Railway,Yeoford,YEO,50.776782,-3.7266919
National Rail,Great Western Railway,Copplestone,COP,50.8142667,-3.7512975
National Rail,Great Western Railway,Morchard Road,MRD,50.8316895,-3.7761414
National Rail,Great Western Railway,Lapford,LAP,50.8570746,-3.8107456
National Rail,Great Western Railway,Eggesford,EGG,50.8876902,-3.8751093
National Rail,Great Western Railway,Kings Nympton,KGN,50.9363016,-3.9054672
National Rail,Great Western Railway,Umberleigh,UMB,50.9965513,-3.9827904
National Rail,Great Western Railway,Chapelton,CPN,51.016229,-4.0245509
National Rail,Great Western Railway,Okehampton,OKE,50.7323333,-3.9964221
National Rail,Great Western Railway,Bere Ferrers,BFE,50.4510874,-4.1814548
National Rail,Great Western Railway,Bere Alston,BAS,50.4856076,-4.2003187
National Rail,Great Western Railway,Calstock,CSK,50.497994,-4.208583
National Rail,Great Western Railway,Coombe Junction Halt,COE,50.4451584,-4.4813527
National Rail,Great Western Railway,St Keyne Wishing Well Halt,SKN,50.4228214,-4.4633482
National Rail,Great Western Railway,Causeland,CAU,50.4056895,-4.4664151
National Rail,Great Western Railway,Looe,LOO,50.3595613,-4.4563912
National Rail,Govia Thameslink Railway (Southern),Warblington,WBL,50.8535025,-0.9671209
National Rail,Transport for Wales,Maesteg,MST,51.609681,-3.6549668
National Rail,Transport for Wales,Garth (Bridgend),GMG,51.5967074,-3.6428149
National Rail,Great Western Railway,Devonport,DPT,50.3785212,-4.1701007
National Rail,Great Western Railway,Dockyard,DOC,50.3823705,-4.1760319
London Underground,London Underground,Clapham South,ZCA,51.4528372,-0.1475523
London Underground,London Underground,Tooting Broadway,ZTO,51.4277387,-0.1682905
London Underground,London Underground,Colliers Wood,ZCL,51.4182747,-0.1778626
London Underground,London Underground,South Wimbledon,ZSI,51.4153835,-0.1922543
National Rail,Govia Thameslink Railway (Southern),Fishbourne,FSB,50.8391034,-0.8155144
National Rail,Northern Trains,Hunmanby,HUB,54.1739878,-0.3145738
London Underground,London Underground,Redbridge,ZRE,51.5763203,0.0454097
National Rail,Great Western Railway,St James' Park,SJP,50.7309668,-3.5225718
National Rail,Northern Trains,Glossop,GLO,53.4448108,-1.950017
National Rail,Northern Trains,Dinting,DTG,53.4493243,-1.9705971
National Rail,Northern Trains,Broadbottom,BDB,53.4407902,-2.0160042
National Rail,Northern Trains,Hattersley,HTY,53.4449376,-2.039436
National Rail,Northern Trains,Godley,GDL,53.4522488,-2.0556364
National Rail,Northern Trains,Woodley,WLY,53.4291998,-2.0928676
National Rail,Northern Trains,Rose Hill Marple,RSH,53.3960432,-2.0765086
National Rail,Northern Trains,Hyde Central,HYC,53.4513383,-2.0850769
National Rail,South Western Railway,Surbiton,SUR,51.3924111,-0.3039992
National Rail,Great Western Railway,Aldermaston,AMT,51.4022099,-1.1367025
National Rail,Great Western Railway,Midgham,MDG,51.3960664,-1.1782912
National Rail,Great Western Railway,Newbury Racecourse,NRC,51.398654,-1.306971
National Rail,Great Western Railway,Bruton,BRU,51.1116892,-2.4471521
National Rail,Great Western Railway,Castle Cary,CLC,51.099857,-2.5224232
National Rail,Great Western Railway,Melksham,MKM,51.3801725,-2.144607
National Rail,Greater Anglia,Worstead,WRT,52.7773534,1.4040725
National Rail,Transport for Wales,Llanrwst,LWR,53.1390542,-3.7946636
National Rail,Transport for Wales,Gogledd Llanrwst / North Llanrwst,NLR,53.144122,-3.8028221
National Rail,Transport for Wales,Dolgarrog,DLG,53.1859355,-3.8231367
National Rail,Transport for Wales,Tal-y-Cafn,TLC,53.2285073,-3.8182114
National Rail,Great Western Railway,Lympstone Village,LYM,50.6484198,-3.4310966
National Rail,South Western Railway,Motspur Park,MOT,51.3948747,-0.2396076
National Rail,West Midlands Trains (West Midlands Railway),Dudley Port,DDP,52.524461,-2.0492538
National Rail,Greater Thameslink Railway,South Merton,SMO,51.4033264,-0.2055176
National Rail,Great Western Railway,Redland,RDA,51.4683779,-2.5989091
National Rail,Great Western Railway,Pilning,PIL,51.556377,-2.6267285
National Rail,West Midlands Trains (London Northwestern Railway),Woburn Sands,WOB,52.0181089,-0.654557
National Rail,West Midlands Trains (London Northwestern Railway),Bow Brickhill,BWB,52.0042165,-0.6962178
National Rail,South Western Railway,Upwey,UPW,50.6484492,-2.4660817
National Rail,Great Western Railway,Maiden Newton,MDN,50.7802255,-2.569663
National Rail,Great Western Railway,Chetnole,CNO,50.866344,-2.5729619
National Rail,Great Western Railway,Yetminster,YET,50.8957019,-2.5738017
National Rail,Great Western Railway,Thornford,THO,50.9106779,-2.5791402
National Rail,Great Western Railway,Yeovil Pen Mill,YVP,50.9446866,-2.61304
National Rail,Greater Anglia,Manea,MNE,52.4978134,0.1778063
National Rail,Greater Thameslink Railway,Hendon,HEN,51.5802174,-0.2388805
National Rail,Great Western Railway,Furze Platt,FZP,51.5331544,-0.7284148
National Rail,Greater Thameslink Railway,Radlett,RDT,51.6853254,-0.3170888
National Rail,South Western Railway,Grateley,GRT,51.1701959,-1.6204438
National Rail,South Western Railway,Christchurch,CHR,50.7383709,-1.7847306
National Rail,Govia Thameslink Railway (Southern),Durrington-on-Sea,DUR,50.8174419,-0.4114787
National Rail,Northern Trains,Widdrington,WDD,55.2411444,-1.6162192
National Rail,Great Western Railway,Gunnislake,GSL,50.5166278,-4.2195227
National Rail,Northern Trains,Cark and Cartmel,CAK,54.1779678,-2.9740018
National Rail,Northern Trains,Dalton,DLT,54.1542369,-3.1788418
National Rail,Northern Trains,Foxfield,FOX,54.2585965,-3.2159351
National Rail,Northern Trains,Silecroft,SIC,54.2260891,-3.3346818
National Rail,Northern Trains,Seascale,SSC,54.3962884,-3.4851711
National Rail,Northern Trains,Nethertown,NRT,54.4562273,-3.5656239
National Rail,Northern Trains,Harrington,HRR,54.6135197,-3.5655496
National Rail,Northern Trains,Flimby,FLM,54.6899875,-3.5205306
National Rail,Northern Trains,Dalston,DLS,54.846165,-2.9885758
National Rail,East Midlands Railway,Newstead,NSD,53.069977,-1.2218222
National Rail,Greater Anglia,Lakenheath,LAK,52.4474326,0.5344379
National Rail,Transport for Wales,Abererch,ABH,52.8983924,-4.3749074
National Rail,Transport for Wales,Penychain,PNC,52.9029185,-4.338436
National Rail,Merseyrail,Maghull,MAG,53.5064699,-2.9310252
National Rail,Transport for Wales,Llanaber,LLA,52.7413979,-4.0771655
National Rail,Transport for Wales,Talybont,TLB,52.7729002,-4.0970877
National Rail,Transport for Wales,Llanbedr,LBR,52.8203604,-4.1096022
National Rail,Greater Anglia,North Fambridge,NFA,51.6486404,0.6818704
National Rail,Govia Thameslink Railway (Southern),Goring-by-Sea,GBS,50.8176931,-0.4331815
National Rail,Northern Trains,Lytham,LTM,53.7393224,-2.9641884
National Rail,Northern Trains,Ansdell and Fairhaven,AFV,53.741637,-2.993513
National Rail,Northern Trains,Squires Gate,SQU,53.7769901,-3.0501715
National Rail,Govia Thameslink Railway (Southern),East Worthing,EWR,50.821592,-0.3551084
National Rail,Govia Thameslink Railway (Southern),Lancing,LAC,50.8270176,-0.3232037
National Rail,Govia Thameslink Railway (Southern),Shoreham-by-Sea,SSE,50.8343756,-0.2714448
National Rail,Govia Thameslink Railway (Southern),Fishersgate,FSG,50.8342805,-0.2195742
National Rail,Northern Trains,Hadfield,HDF,53.4608456,-1.9653832
National Rail,Greater Anglia,White Notley,WNY,51.8392682,0.595265
National Rail,Greater Anglia,Cressing,CES,51.8519489,0.578324
National Rail,Greater Anglia,Braintree Freeport,BTP,51.8692939,0.5681965
National Rail,Greater Anglia,Rayleigh,RLG,51.5894866,0.6002479
National Rail,Greater Anglia,Rochford,RFD,51.5816749,0.7021425
National Rail,East Midlands Railway,Uttoxeter,UTT,52.89681,-1.856515
National Rail,East Midlands Railway,Blythe Bridge,BYB,52.9678303,-2.066925
National Rail,East Midlands Railway,Longton,LGN,52.9900417,-2.1372966
National Rail,West Midlands Trains (West Midlands Railway),Bearley,BER,52.244974,-1.7497627
National Rail,West Midlands Trains (West Midlands Railway),Claverdon,CLV,52.2771945,-1.6964003
National Rail,ScotRail,Dunblane,DBL,56.1858372,-3.9657077
National Rail,Transport for Wales,Penyffordd,PNF,53.1425997,-3.0548357
National Rail,Transport for Wales,Cwmbran,CWM,51.6570886,-3.0160112
National Rail,Transport for Wales,Pontypool and New Inn,PPL,51.6973269,-3.0135499
National Rail;London Underground,London Underground,Old Street,OLD,51.5256284,-0.0876094
National Rail,Govia Thameslink Railway (Great Northern),Downham Market,DOW,52.6041596,0.3656086
National Rail,TransPennine Express,Scarborough,SCA,54.2791479,-0.4062351
National Rail,South Western Railway,Wareham,WRM,50.6928778,-2.1153281
National Rail,West Midlands Trains (London Northwestern Railway),Kempston Hardwick,KMH,52.0919553,-0.5039944
National Rail,West Midlands Trains (London Northwestern Railway),Millbrook,MLB,52.0542365,-0.5323576
National Rail,Transport for Wales,Heswall,HSW,53.3296666,-3.0733539
National Rail,Greater Anglia,Sheringham,SHM,52.9413671,1.2107897
National Rail,Greater Anglia,West Runton,WRN,52.9355494,1.2457949
National Rail,Greater Anglia,Cromer,CMR,52.9300536,1.2916476
National Rail,Southeastern,Bromley North,BMN,51.409198,0.0177978
National Rail,Northern Trains,Sherburn-in-Elmet,SIE,53.7975092,-1.2329024
National Rail,Great Western Railway,Roche,ROC,50.4186675,-4.8307554
National Rail,Great Western Railway,Bugle,BGL,50.4002418,-4.7919145
National Rail,Great Western Railway,Luxulyan,LUX,50.3903538,-4.7484178
National Rail,Great Western Railway,St. Columb Road,SCR,50.3987461,-4.941332
London Underground;London Overground,London Underground,Kenton,KNT,51.5815255,-0.3166378
National Rail,Transport for Wales,Heath High Level,HHL,51.5168194,-3.181568
National Rail,Transport for Wales,Aber,ABE,51.5748662,-3.2298096
National Rail,Transport for Wales,Llanbradach,LNB,51.6041075,-3.2330521
National Rail,Northern Trains,Burnage,BNA,53.4221262,-2.2151579
National Rail,Great Western Railway,Wargrave,WGV,51.4985546,-0.8766558
National Rail,Greater Anglia,Whittlesea,WLE,52.5495767,-0.1180869
National Rail,West Midlands Trains (West Midlands Railway),Shenstone,SEN,52.6392328,-1.844343
National Rail,East Midlands Railway,Tutbury and Hatton,TUT,52.8641203,-1.6821183
National Rail,Northern Trains,Bishop Auckland,BIA,54.6572212,-1.6779534
National Rail,Northern Trains,Shildon,SHD,54.6261932,-1.6367101
National Rail,Northern Trains,Dinsdale,DND,54.5149956,-1.4671224
National Rail,Transport for Wales,Prestatyn,PRT,53.3361671,-3.4073494
National Rail,Merseyrail,Birkenhead Central,BKC,53.3881969,-3.020883
National Rail,Merseyrail,Green Lane,GNL,53.3833042,-3.0162757
National Rail,East Midlands Railway,Ruskington,RKT,53.0413872,-0.3804741
National Rail,Southeastern,Stonegate,SOG,51.0201404,0.363387
National Rail,Govia Thameslink Railway (Southern),Bosham,BOH,50.8428556,-0.8471677
National Rail,Govia Thameslink Railway (Southern),Nutbourne,NUT,50.8461502,-0.8839188
National Rail,South Western Railway,Micheldever,MIC,51.1825114,-1.2603854
National Rail,South Western Railway,Overton,OVR,51.2541369,-1.2599752
National Rail,Transport for Wales,Baglan,BAJ,51.6143157,-3.8093646
National Rail,Transport for Wales,Trehafod,TRH,51.6100966,-3.3807003
National Rail,Transport for Wales,Porth,POR,51.6124727,-3.4076322
National Rail,Transport for Wales,Dinas Rhondda,DMG,51.61737,-3.4371025
National Rail,Transport for Wales,Tonypandy,TNP,51.6198317,-3.4490406
National Rail,Transport for Wales,Llwynypia,LLY,51.6334166,-3.45331
National Rail,Transport for Wales,Ystrad Rhondda,YSR,51.6436193,-3.4669433
National Rail,Transport for Wales,Ton Pentre,TPN,51.6477109,-3.4861451
National Rail,Transport for Wales,Treorchy,TRY,51.6574373,-3.5060374
National Rail,Transport for Wales,Treherbert,TRB,51.671619,-3.5350926
National Rail,Greater Anglia,North Walsham,NWA,52.8168645,1.3845702
London Underground,London Underground,King's Cross St Pancras,ZKX,51.530609,-0.1239491
National Rail,Transport for Wales,Pentre-bach,PTB,51.7248612,-3.3623391
National Rail,Transport for Wales,Troed-y-rhiw,TRD,51.7120426,-3.3463983
National Rail,Transport for Wales,Merthyr Vale,MEV,51.6869084,-3.3371036
National Rail,Transport for Wales,Quakers Yard,QYD,51.6603637,-3.3229308
National Rail,Transport for Wales,Abercynon,ACY,51.6430407,-3.3295381
National Rail,Transport for Wales,Penrhiwceiber,PER,51.6701887,-3.3601431
National Rail,Transport for Wales,Fernhill,FER,51.6866058,-3.3958887
National Rail,Transport for Wales,Cwmbach,CMH,51.7014846,-3.4147693
National Rail,Transport for Wales,Aberdare,ABA,51.7137509,-3.4395026
National Rail,Transport for Wales,Rogerstone,ROR,51.5954425,-3.0662424
National Rail,East Midlands Railway,Hucknall,HKN,53.0384983,-1.1959496
National Rail,Transport for Wales,Caerphilly,CPH,51.5715441,-3.2188217
National Rail,East Midlands Railway,Mansfield Woodhouse,MSW,53.1634635,-1.2017516
National Rail,ScotRail,Kirkwood,KWD,55.8541741,-4.0482987
National Rail,Northern Trains,Broad Green,BGE,53.4065083,-2.8933889
National Rail,East Midlands Railway,Metheringham,MGM,53.1389295,-0.3910625
National Rail,East Midlands Railway,Bottesford,BTF,52.9446871,-0.794966
National Rail,East Midlands Railway,Hubberts Bridge,HBB,52.975325,-0.1098555
National Rail,Govia Thameslink Railway (Southern),Waddon,WDO,51.3673338,-0.1174351
National Rail,Northern Trains,Hensall,HEL,53.6984869,-1.1146617
National Rail,Northern Trains,Rawcliffe,RWC,53.6889426,-0.9612713
National Rail,Northern Trains,Pontefract Tanshelf,POT,53.6940034,-1.3189035
National Rail,Northern Trains,South Elmsall,SES,53.5948464,-1.2853506
National Rail,Greater Anglia,Dovercourt,DVC,51.9388053,1.2805132
National Rail,ScotRail,Priesthill & Darnley,PTL,55.8120349,-4.3429643
National Rail,ScotRail,Summerston,SUM,55.8988407,-4.2921881
National Rail,Transport for Wales,Ebbw Vale Parkway,EBV,51.7565058,-3.1960549
National Rail,Transport for Wales,Newbridge,NBE,51.6653896,-3.1431855
National Rail,ScotRail,Whitecraigs,WCR,55.7902824,-4.3103086
National Rail,Great Western Railway,St Budeaux Victoria Road,SBV,50.402196,-4.1877512
National Rail,Transport for Wales,Ynyswen,YNW,51.6649511,-3.5214869
National Rail,Transport for Wales,Ystrad Mynach,YSM,51.6404852,-3.2418377
National Rail,Transport for Wales,Hengoed,HNG,51.6469972,-3.225557
National Rail,Transport for Wales,Pengam,PGM,51.6702079,-3.2299736
National Rail,Transport for Wales,Gilfach Fargoed,GFF,51.6841461,-3.2273933
National Rail,Transport for Wales,Bargoed,BGD,51.6927479,-3.229824
National Rail,Transport for Wales,Brithdir,BHD,51.709801,-3.2281286
National Rail,Transport for Wales,Tir-Phil,TIR,51.7210173,-3.2459528
National Rail,Transport for Wales,Pontlottyn,PLT,51.7465271,-3.279359
National Rail,Transport for Wales,Rhymney,RHY,51.7588344,-3.2895209
National Rail,Greater Anglia,Chappel and Wakes Colne,CWC,51.9256764,0.7585002
National Rail,Greater Anglia,Bures,BUE,51.9712035,0.7691626
National Rail,Greater Anglia,Sudbury,SUY,52.0362647,0.7355732
London Underground,London Underground,Stockwell,ZSL,51.472211,-0.1225014
National Rail,Great Western Railway,St Budeaux Ferry Road,SBF,50.4015816,-4.1871029
London Underground,London Underground,Arsenal,ZAL,51.5583839,-0.1074866
National Rail,London North Eastern Railway,Newcastle,NCL,54.9683364,-1.616046
National Rail,East Midlands Railway,Thorpe Culvert,TPC,53.1230326,0.1995165
National Rail,Greater Anglia,Salhouse,SAH,52.6755817,1.3913667
National Rail,Greater Anglia,Hoveton and Wroxham,HXM,52.7155355,1.4080786
National Rail,Transport for Wales,Abergele and Pensarn,AGL,53.2945866,-3.5826531
National Rail,Transport for Wales,Conwy,CNW,53.2800919,-3.8307026
National Rail,Transport for Wales,Buckley,BCK,53.1625354,-3.0551852
National Rail,Northern Trains,Cottingley,COT,53.7680337,-1.5877727
National Rail,Northern Trains,Seaton Delaval,SEJ,55.0747281,-1.5383775
National Rail,Transport for Wales,Glan Conwy,GCW,53.2686216,-3.7975917
National Rail,ScotRail,Chatelherault,CTE,55.7651179,-4.0044368
National Rail,ScotRail,Larkhall,LRH,55.7386095,-3.9750115
National Rail,Greater Anglia,Newmarket,NMK,52.238341,0.4073491
National Rail,Transport for Wales,Llanishen,LLS,51.5329957,-3.181843
National Rail,ScotRail,Livingston South,LVG,55.8716042,-3.5014895
National Rail,Transport for Wales,Barry,BRY,51.3969039,-3.2848689
National Rail,Transport for Wales,Cadoxton,CAD,51.412181,-3.248765
National Rail,Transport for Wales,Llantwit Major,LWM,51.4096499,-3.4814284
National Rail,Transport for Wales,Fairwater,FRW,51.4938863,-3.2338039
National Rail,Transport for Wales,Ninian Park,NNP,51.4765231,-3.2013873
National Rail,Great Western Railway,Paignton,PGN,50.434598,-3.5649134
National Rail,Transport for Wales,Barry Island,BYI,51.3923125,-3.2742115
National Rail,Northern Trains,Chapeltown,CLN,53.4625006,-1.4664375
National Rail;Elizabeth line,Heathrow Express,Heathrow Terminal 4,HAF,51.4590893,-0.4459987
National Rail,Greater Anglia,Gunton,GNT,52.866075,1.349369
National Rail,Greater Anglia,Roughton Road,RNR,52.91792,1.2997853
National Rail;West Midlands Metro,West Midlands Trains (West Midlands Railway),Jewellery Quarter,JEQ,52.4896668,-1.913675
National Rail,Merseyrail,St Michaels,STM,53.3759381,-2.9535298
National Rail,South Western Railway,Eastleigh,ESL,50.9687923,-1.3499611
National Rail,Northern Trains,Blackpool Pleasure Beach,BPB,53.787882,-3.0538832
National Rail,Greater Anglia,Oulton Broad North,OUN,52.4777293,1.7161761
National Rail,Greater Anglia,Beccles,BCC,52.4588262,1.5696314
National Rail,Greater Anglia,Lowestoft,LWT,52.47424,1.7499873
National Rail,Greater Anglia,Darsham,DSM,52.2732073,1.5235994
National Rail,Northern Trains,Mirfield,MIR,53.6713909,-1.6922471
National Rail,East Midlands Railway,Peartree,PEA,52.8976023,-1.4722913
National Rail,Transport for Wales,Tonfanau,TNF,52.6136283,-4.1235375
National Rail,Transport for Wales,Coryton,COY,51.5204441,-3.2314774
National Rail,Transport for Wales,Whitchurch,WHT,51.5208287,-3.2221654
National Rail,Transport for Wales,Rhiwbina,RHI,51.521084,-3.2144829
National Rail,Transport for Wales,Birchgrove,BCG,51.5215349,-3.2024605
National Rail,Transport for Wales,Heath Low Level,HLL,51.5157674,-3.1822078
National Rail,Transport for Wales,Ludlow,LUD,52.3711007,-2.71598
National Rail,West Midlands Trains (West Midlands Railway),Wilnecote,WNE,52.6106234,-1.6797007
National Rail,Greater Anglia,Acle,ACL,52.6346757,1.5439772
National Rail,Greater Anglia,Berney Arms,BYA,52.5902585,1.6310707
National Rail,Greater Anglia,Buckenham,BUC,52.597696,1.4702099
National Rail,Greater Anglia,Haddiscoe,HAD,52.5290248,1.6229897
National Rail,Greater Anglia,Lingwood,LGD,52.6220505,1.4896908
National Rail,Greater Anglia,Hatfield Peverel,HAP,51.7803142,0.5927716
National Rail,Greater Anglia,Mistley,MIS,51.9435862,1.081649
National Rail,Northern Trains,Stockton,STK,54.5698829,-1.3182234
National Rail,Transport for Wales,Danescourt,DCT,51.5004014,-3.2339459
National Rail,Transport for Wales,Lisvane and Thornhill,LVT,51.5444152,-3.1855685
National Rail,Great Western Railway,Cam and Dursley,CDU,51.7176405,-2.3591702
National Rail,Northern Trains,Hyde North,HYT,53.4644638,-2.0850338
National Rail,Great Western Railway,Worle,WOR,51.3578502,-2.9093225
National Rail,ScotRail,Exhibition Centre,EXG,55.8613947,-4.2831967
National Rail,ScotRail,Gleneagles,GLE,56.2749096,-3.7309616
National Rail,ScotRail,Invergowrie,ING,56.4562504,-3.0578286
National Rail,ScotRail,Rutherglen,RUT,55.8307514,-4.2130369
National Rail,Northern Trains,Deighton,DHN,53.668458,-1.7523869
National Rail,Northern Trains,Hatfield & Stainforth,HFS,53.5888703,-1.0232631
National Rail,Northern Trains,Kirk Sandall,KKS,53.5636066,-1.0745371
National Rail,Northern Trains,Thorne South,TNS,53.6033448,-0.9552556
National Rail,Northern Trains,Barnsley Interchange,BNY,53.55441,-1.4772756
National Rail,Northern Trains,Fitzwilliam,FZW,53.6326086,-1.374636
National Rail,Transport for Wales,Roman Bridge,RMB,53.0443968,-3.9215232
National Rail,Transport for Wales,Dolwyddelan,DWD,53.0515703,-3.8845507
National Rail,Transport for Wales,Pont-y-Pant,PYP,53.0651111,-3.8627144
National Rail,Northern Trains,Huyton,HUY,53.409627,-2.8432195
National Rail,Northern Trains,Whiston,WHN,53.413914,-2.7965205
National Rail,Merseyrail,Kirkdale,KKD,53.4407853,-2.9811665
National Rail,Merseyrail,Bank Hall,BAH,53.4378965,-2.9878045
National Rail,Transport for Wales,Penarth,PEN,51.4358489,-3.1746781
National Rail,Northern Trains,Bromley Cross,BMC,53.6139542,-2.4108352
National Rail,Northern Trains,Hall i' th' Wood,HID,53.5974456,-2.4130759
National Rail,Transport for Wales,Sarn,SRR,51.5385115,-3.58953
National Rail,Transport for Wales,Maesteg Ewenny Road,MEW,51.6052667,-3.6482526
National Rail,Transport for Wales,Blaenau Ffestiniog,BFF,52.9946896,-3.938464
National Rail,Transport for Wales,Risca and Pontymister,RCA,51.6058043,-3.0920412
National Rail,Transport for Wales,Tŷ Glas,TGS,51.5217357,-3.1971025
National Rail,Greater Anglia,Brampton,BRP,52.3955079,1.5438215
National Rail,Greater Anglia,Melton,MES,52.1043512,1.3381527
National Rail,Greater Anglia,Thorpe-le-Soken,TLS,51.8478614,1.1604018
National Rail,Greater Anglia,Kirby Cross,KBX,51.8415069,1.2137971
National Rail,Greater Anglia,Frinton-on-Sea,FRI,51.8377612,1.2433218
National Rail,Great Western Railway,Carbis Bay,CBB,50.1970809,-5.4637028
National Rail,Great Western Railway,Lelant,LEL,50.183992,-5.436555
National Rail,Great Western Railway,Lelant Saltings,LTS,50.1785858,-5.441159
National Rail,Great Western Railway,Quintrell Downs,QUI,50.4041228,-5.0288475
National Rail,Greater Anglia,Somerleyton,SYT,52.5101525,1.6522512
National Rail,Greater Anglia,Oulton Broad South,OUS,52.4695869,1.7074886
National Rail,Transport for Wales,Tondu,TDU,51.5474662,-3.5951781
National Rail,Greater Anglia,Walton-on-the-Naze,WON,51.8462158,1.2678629
National Rail,Northern Trains,Bentley (South Yorkshire),BYK,53.5437098,-1.1507181
National Rail;London Overground,London Overground,West Croydon,WCY,51.378808,-0.1020387
London Underground,London Underground,Pimlico,ZPO,51.4891579,-0.1353308
National Rail,Glasgow Prestwick Airport,Prestwick International Airport,PRA,55.5090231,-4.61414
National Rail,Great Western Railway,Filton Abbey Wood,FIT,51.503393,-2.563826
National Rail,Greater Anglia,Cantley,CNY,52.5787207,1.5136275
National Rail,West Midlands Trains (West Midlands Railway),Sandwell and Dudley,SAD,52.508635,-2.0117688
Docklands Light Railway,Docklands Light Railway,Beckton Park,ZBJ,51.5087601,0.0549426
National Rail,Northern Trains,Navigation Road,NVR,53.3957446,-2.3432686
National Rail;West Midlands Metro,West Midlands Trains (West Midlands Railway),The Hawthorns,THW,52.5056717,-1.9650419
National Rail,Transport for Wales,Knucklas,KNU,52.3597573,-3.0965228
National Rail,Govia Thameslink Railway (Southern),East Croydon,ECR,51.3758448,-0.0927317
National Rail,Transport for Wales,Colwyn Bay,CWB,53.2968237,-3.7258927
National Rail,Greater Anglia,Saxmundham,SAX,52.2152245,1.4902723
National Rail,Greater Anglia,Prittlewell,PRL,51.5505931,0.7106494
National Rail,Great Western Railway,Digby and Sowton,DIG,50.7141806,-3.473603
National Rail,East Midlands Railway,Nottingham,NOT,52.9473037,-1.1449555
National Rail,West Midlands Trains (West Midlands Railway),Redditch,RDC,52.306318,-1.9455671
National Rail,West Midlands Trains (West Midlands Railway),Bloxwich North,BWN,52.6253229,-2.0175382
National Rail,South Western Railway,Basingstoke,BSK,51.2684238,-1.0885594
National Rail,Govia Thameslink Railway (Great Northern),St Neots,SNO,52.2316268,-0.2470646
National Rail,Northern Trains,Dronfield,DRO,53.3014,-1.4692529
National Rail,Great Western Railway,Dawlish Warren,DWW,50.5986475,-3.4437159
National Rail,Great Western Railway,Avoncliff,AVF,51.3395623,-2.2818373
National Rail;London Underground;London Overground,c2c,Upminster,UPM,51.5589708,0.2516815
National Rail,Northern Trains,Streethouse,SHC,53.6761886,-1.3994742
National Rail,Northern Trains,Wilmslow,WML,53.3270993,-2.2260089
National Rail,Northern Trains,Cheadle Hulme,CHU,53.3760261,-2.1883499
National Rail,Northern Trains,Swinton (Manchester),SNN,53.5148082,-2.336998
London Underground,London Underground,Wembley Park,ZWY,51.5636297,-0.2800532
National Rail,Great Western Railway,Highbridge and Burnham,HIG,51.2183132,-2.9720037
National Rail,Northern Trains,Wigton,WGT,54.8291227,-3.1642894
National Rail,Great Western Railway,Nailsea and Backwell,NLS,51.4196718,-2.7496898
National Rail,Northern Trains,Dunston,DOT,54.9499976,-1.6414408
National Rail,ScotRail,Pollokshields East,PLE,55.8407278,-4.2689803
National Rail,Transport for Wales,Frodsham,FRD,53.2957797,-2.7237343
National Rail,ScotRail,Drumfrochar,DFR,55.9412926,-4.7715063
National Rail,Transport for Wales,Mountain Ash,MTA,51.6817619,-3.376667
National Rail,Northern Trains,Shipley,SHY,53.8335128,-1.7736115
National Rail,ScotRail,Whifflet,WFF,55.8538301,-4.0185953
National Rail,Northern Trains,Garforth,GRF,53.7965742,-1.382282
National Rail;London Underground,Govia Thameslink Railway (Great Northern),Finsbury Park,FPK,51.5648345,-0.1064144
National Rail,Greater Anglia,Cambridge,CBG,52.1941089,0.1377154
National Rail,ScotRail,Prestwick Town,PTW,55.501773,-4.6143185
National Rail,Govia Thameslink Railway (Southern),Lewes,LWS,50.8706363,0.0122963
National Rail,South Western Railway,Martins Heron,MAO,51.4076537,-0.7254165
National Rail,South Western Railway,Southampton Central,SOU,50.9074977,-1.4142289
National Rail,West Midlands Trains (London Northwestern Railway),Lidlington,LID,52.0415839,-0.5589965
National Rail,Greater Anglia,Clacton-on-Sea,CLT,51.7945324,1.1543273
National Rail,Great Western Railway,St Ives,SIV,50.2088461,-5.4777671
National Rail,ScotRail,Newton-on-Ayr,NOA,55.4739658,-4.625979
National Rail,Great Western Railway,Sandplace,SDP,50.3875961,-4.464799
National Rail,Northern Trains,Eaglescliffe,EAG,54.5300894,-1.3497203
National Rail,Northern Trains,Featherstone,FEA,53.6790992,-1.358285
National Rail,Southeastern,Swale,SWL,51.3889653,0.7468492
National Rail,Northern Trains,Ashton-under-Lyne,AHN,53.4912163,-2.0937021
National Rail,Govia Thameslink Railway (Great Northern),Biggleswade,BIW,52.0850343,-0.260819
National Rail,ScotRail,Blackridge,BKR,55.8843825,-3.7502801
National Rail,Transport for Wales,Severn Tunnel Junction,STJ,51.584253,-2.7772968
National Rail,Transport for Wales,Wem,WEM,52.8561108,-2.7182651
National Rail,Transport for Wales,Whitchurch,WTC,52.9682221,-2.6716574
National Rail,Transport for Wales,Nantwich,NAN,53.0635485,-2.5187309
National Rail,Transport for Wales,Prees,PRS,52.8994613,-2.6895572
National Rail,Transport for Wales,Wrenbury,WRE,53.0195948,-2.5956111
National Rail,Greater Anglia,Halesworth,HAS,52.3469592,1.5057452
National Rail,East Midlands Railway,Longport,LPT,53.0420907,-2.2167116
National Rail;London Overground,London Overground,Bushey,BSH,51.6455311,-0.3850068
National Rail,West Midlands Trains (West Midlands Railway),Stone,SNE,52.9084696,-2.1554718
National Rail,South Western Railway,Whitchurch,WCH,51.2376461,-1.3387418
National Rail,Northern Trains,Glaisdale,GLS,54.4395064,-0.793929
National Rail,Northern Trains,Commondale,COM,54.4812297,-0.9749222
National Rail,Great Western Railway,Newquay,NQY,50.4144421,-5.0751286
National Rail,ScotRail,Gorebridge,GBG,55.8399603,-3.0461111
National Rail,Northern Trains,Egton,EGT,54.4375309,-0.7617497
National Rail,Northern Trains,Sleights,SLH,54.4611128,-0.6627591
National Rail,South Western Railway,Ashurst New Forest,ANF,50.8898464,-1.5264572
National Rail,Northern Trains,Castleton Moor,CSM,54.4671478,-0.9467256
National Rail,Govia Thameslink Railway (Great Northern),Harringay,HGY,51.5775578,-0.1052701
London Underground,London Underground,Baker Street,ZBS,51.5225853,-0.1567431
London Underground,London Underground,Paddington,ZPA,51.5154795,-0.175365
National Rail,ScotRail,Gourock,GRK,55.9616159,-4.8156676
National Rail,Avanti West Coast,Wigan North Western,WGN,53.5433996,-2.632996
National Rail,South Western Railway (Island Line),Lake,LKE,50.6461826,-1.1664698
National Rail,Northern Trains,Billingham,BIL,54.6057149,-1.2795366
National Rail,Govia Thameslink Railway (Southern),Hove,HOV,50.8352056,-0.17018
National Rail,Transport for Wales,Waun-gron Park,WNG,51.488302,-3.22969
National Rail,Northern Trains,Appleby,APP,54.58041,-2.486536
London Underground,London Underground,Archway,ZAR,51.5653116,-0.1348189
National Rail,Northern Trains,Danby,DNY,54.4661746,-0.910998
National Rail,Northern Trains,Lealholm,LHM,54.4604593,-0.8255112
National Rail,Northern Trains,Kildale,KLD,54.4777507,-1.0683268
National Rail,ScotRail,Cameron Bridge,CBX,56.190029,-3.0457235
National Rail,Great Western Railway,Heyford,HYD,51.9185846,-1.2994468
National Rail,West Midlands Trains (West Midlands Railway),Moseley Village,MOV,52.4476512,-1.8848417
National Rail,West Midlands Trains (West Midlands Railway),Pineapple Road,PIR,52.4303068,-1.9077938
National Rail,Great Western Railway,Bridgwater,BWT,51.1278436,-2.9902484
National Rail,West Midlands Trains (West Midlands Railway),Bromsgrove,BMV,52.3201581,-2.0499793
London Underground,London Underground,East Acton,ZEA,51.5173451,-0.248137
National Rail,Northern Trains,Great Ayton,GTA,54.4894968,-1.1152354
National Rail,Northern Trains,Newton Aycliffe,NAY,54.6137537,-1.5896684
National Rail,Northern Trains,Giggleswick,GIG,54.0617706,-2.3028455
National Rail,Northern Trains,Saltburn,SLB,54.5834185,-0.9752233
National Rail,Northern Trains,Longbeck,LGK,54.5893375,-1.0309929
National Rail,Govia Thameslink Railway (Southern),Streatham Hill,SRH,51.4383281,-0.1277852
London Underground,London Underground,Snaresbrook,ZSN,51.5808033,0.0215864
National Rail,East Midlands Railway,Long Eaton,LGE,52.8849696,-1.2872821
National Rail,South Western Railway,Strawberry Hill,STW,51.4391919,-0.3393309
National Rail,Govia Thameslink Railway (Great Northern),Littleport,LTP,52.4623343,0.3163815
National Rail,Transport for Wales,Grangetown,GTN,51.4672525,-3.1895595
National Rail,Great Western Railway,Crowthorne,CRN,51.3664877,-0.8192585
National Rail,Great Western Railway,Sandhurst,SND,51.3465435,-0.8038071
National Rail,West Midlands Trains (West Midlands Railway),Bedworth,BEH,52.4794836,-1.4675162
London Underground;Docklands Light Railway,London Underground,Bank,ZBA,51.5131048,-0.0893749
National Rail,Govia Thameslink Railway (Great Northern),Watton-at-Stone,WAS,51.8564693,-0.1193905
National Rail,Govia Thameslink Railway (Great Northern),Hatfield,HAT,51.7651554,-0.2158
National Rail,Greater Anglia,Hythe (Colchester),HYH,51.8858134,0.9275278
National Rail,Govia Thameslink Railway (Great Northern),Huntingdon,HUN,52.3288086,-0.1924714
London Underground,London Underground,Barons Court,ZBQ,51.4903477,-0.2144055
London Underground,London Underground,Arnos Grove,ZAG,51.6164256,-0.1330981
National Rail,South Western Railway,Ash,ASH,51.2497298,-0.7129145
National Rail,South Western Railway,Wanborough,WAN,51.244622,-0.6676084
National Rail,Great Western Railway,Starcross,SCS,50.6275884,-3.4476371
National Rail,South Western Railway,Lymington Pier,LYP,50.7576921,-1.5293235
National Rail,South Western Railway,Lymington Town,LYT,50.7610847,-1.5370862
National Rail,ScotRail,Dalmarnock,DAK,55.8421847,-4.2174709
National Rail,Merseyrail,New Brighton,NBN,53.4373879,-3.0480464
London Underground,London Underground,Angel,ZAN,51.5324874,-0.1060356
London Underground,London Underground,Camden Town,ZCT,51.5394397,-0.1426957
London Underground,London Underground,East Finchley,ZEF,51.5871881,-0.1648137
London Underground,London Underground,Highgate,ZHG,51.5776825,-0.1458316
London Underground,London Underground,Tufnell Park,ZTP,51.5568005,-0.138457
London Underground,London Underground,Hendon Central,ZHN,51.5834006,-0.2265541
National Rail,Great Western Railway,Farnborough North,FNN,51.3024039,-0.7430468
London Underground,London Underground,High Barnet,ZHB,51.650399,-0.1938826
London Underground,London Underground,Brent Cross,ZBT,51.5768177,-0.2139731
National Rail,Greater Anglia,Great Yarmouth,GYM,52.6119213,1.7206879
National Rail,Great Western Railway,Goring & Streatley,GOR,51.5211885,-1.1331195
National Rail;London Underground,London Underground,Greenford,GFD,51.5421177,-0.3447996
London Overground,London Overground,Wanstead Park,WNP,51.5517605,0.0260733
London Overground,London Overground,Leytonstone High Road,LER,51.5636822,0.0082011
National Rail,Transport for Wales,Fishguard and Goodwick,FGW,52.0039692,-4.9950733
National Rail,Chiltern Railways,King's Sutton,KGS,52.0210915,-1.2809729
National Rail,South Western Railway,Virginia Water,VIR,51.4015235,-0.5620827
National Rail,ScotRail,Saltcoats,SLT,55.6339122,-4.7845685
National Rail,Great Western Railway,Pangbourne,PAN,51.4853553,-1.0904319
Tyne and Wear Metro,Tyne and Wear Metro,Fellgate,FEG,54.957505,-1.4852346
London Underground,London Underground,Mill Hill East,ZML,51.6082746,-0.2101451
London Underground,London Underground,West Finchley,ZWH,51.6094298,-0.1883313
London Underground,London Underground,Woodside Park,ZWI,51.617938,-0.185523
National Rail,Transport for Wales,Porthmadog,PTM,52.930988,-4.1353065
National Rail,Northern Trains,Mills Hill,MIH,53.5508557,-2.1714727
National Rail,Transport for Wales,Llandecwyn,LLC,52.9210189,-4.0565564
London Underground,London Underground,Epping,ZEG,51.6936318,0.1139888
National Rail,Great Western Railway,Portsmouth Arms,PMA,50.9569792,-3.9512803
National Rail,Transport for Wales,Pencoed,PCD,51.5239041,-3.501372
National Rail,ScotRail,Shawfair,SFI,55.9176966,-3.0902235
National Rail,ScotRail,Eskbank,EKB,55.8812053,-3.0827946
National Rail;Elizabeth line,Greater Anglia,Shenfield,SNF,51.6306401,0.3300193
National Rail;Elizabeth line,Elizabeth line,Ilford,IFD,51.5589375,0.0689113
National Rail;Elizabeth line,Elizabeth line,Seven Kings,SVK,51.56394,0.0968706
National Rail,ScotRail,Newtongrange,NEG,55.8646684,-3.068882
National Rail,ScotRail,Stow,SOI,55.6918571,-2.8668207
National Rail,Greater Anglia,Cambridge North,CMB,52.2246512,0.1587703
National Rail,Greater Anglia,Braintree,BTR,51.8753105,0.5567303
National Rail,Greater Anglia,Soham,SOJ,52.3349535,0.3280963
National Rail,West Midlands Trains (West Midlands Railway),Coventry Arena,CAA,52.4469559,-1.4947986
National Rail,Greater Anglia,Manningtree,MNG,51.9491435,1.0449277
National Rail,c2c,Basildon,BSO,51.5681417,0.4567961
National Rail,c2c,West Horndon,WHR,51.5678537,0.3406801
National Rail,Greater Anglia,Marks Tey,MKT,51.8808094,0.782551
National Rail,Govia Thameslink Railway (Southern),Horley,HOR,51.1687913,-0.1609516
National Rail,ScotRail,Conon Bridge,CBD,57.5616288,-4.4403838
National Rail,Govia Thameslink Railway (Great Northern),Letchworth Garden City,LET,51.9803536,-0.2289056
National Rail,Northern Trains,Maryport,MRY,54.7112989,-3.4940868
National Rail,East Midlands Railway,Ambergate,AMB,53.0604187,-1.4808654
National Rail,East Midlands Railway,Spondon,SPO,52.9120948,-1.4108169
National Rail,East Midlands Railway,East Midlands Parkway,EMD,52.862275,-1.262883
National Rail,East Midlands Railway,South Wigston,SWS,52.5823924,-1.13403
National Rail,Govia Thameslink Railway (Great Northern),Welwyn Garden City,WGC,51.8008507,-0.2038429
London Underground,London Underground,South Harrow,ZSX,51.5646517,-0.3522211
London Underground,London Underground,Sudbury Town,ZSY,51.550751,-0.3156202
National Rail,Northern Trains,Ramsgreave and Wilpshire,RGW,53.7799943,-2.4780606
National Rail,Northern Trains,Grosmont,GMT,54.436456,-0.7253575
National Rail,Transport for Wales,Energlyn & Churchill Park,ECP,51.584548,-3.2290773
London Overground,London Overground,Acton Central,ACC,51.5087164,-0.2628073
London Underground,London Underground,Sudbury Hill,ZSH,51.5568815,-0.3362525
National Rail,South Western Railway,Hamworthy,HAM,50.7253686,-2.0190513
London Underground,London Underground,Edgware Road,ZEM,51.5201935,-0.1667636
National Rail;London Overground,Govia Thameslink Railway (Southern),Battersea Park,BAK,51.47761,-0.1475846
National Rail,Greater Anglia,Ipswich,IPS,52.0504188,1.1447878
National Rail,Greater Anglia,Wrabness,WRB,51.9395281,1.1716892
National Rail,Greater Anglia,Harwich International,HPQ,51.9472249,1.2560388
National Rail,Southeastern,Kidbrooke,KDB,51.4620317,0.0279002
National Rail,Northern Trains,Bolton,BON,53.5735158,-2.4251259
National Rail,Transport for Wales,Llandanwg,LDN,52.8362322,-4.1236151
London Underground;London Overground;Elizabeth line,London Underground,Whitechapel,ZLW,51.5197615,-0.0600874
London Overground,London Overground,Haggerston,HGG,51.5386574,-0.0755835
London Overground,London Overground,Rotherhithe,ROE,51.5008237,-0.0519666
London Overground,London Overground,Surrey Quays,SQE,51.4934207,-0.0478319
London Overground,London Overground,Wapping,WPE,51.5044344,-0.0560206
National Rail;London Overground,Greater Thameslink Railway,Denmark Hill,DMK,51.468043,-0.0896031
London Overground,London Overground,Wandsworth Road,WWR,51.4699602,-0.1384355
London Overground,London Overground,Clapham High Street,CLP,51.4654853,-0.1323141
London Overground,London Overground,Hoxton,HOX,51.5315917,-0.0756539
National Rail;London Overground,Govia Thameslink Railway (Southern),Queens Road Peckham,QRP,51.4741117,-0.0570532
National Rail,South Western Railway,Bentley,BTY,51.1812254,-0.8681985
National Rail;London Overground,London Overground,Edmonton Green,EDR,51.6244998,-0.0614019
National Rail,Chiltern Railways,Beaconsfield,BCF,51.6113607,-0.6436039
National Rail,South Western Railway (Island Line),Ryde Esplanade,RYD,50.7330498,-1.1596024
National Rail,South Western Railway (Island Line),Ryde Pier Head,RYP,50.7389943,-1.1604086
National Rail,Northern Trains,Bempton,BEM,54.1277914,-0.180715
National Rail,Govia Thameslink Railway (Southern),Salfords,SAF,51.2017863,-0.1622843
National Rail,Govia Thameslink Railway (Southern),Earlswood,ELD,51.2274825,-0.170908
National Rail,Govia Thameslink Railway (Great Northern),Waterbeach,WBC,52.2622818,0.1967655
National Rail,West Midlands Trains (London Northwestern Railway),Polesworth,PSW,52.6258348,-1.6107049
National Rail,London North Eastern Railway,Peterborough,PBO,52.5746038,-0.2503162
National Rail,South Western Railway,Alton,AON,51.1518972,-0.9671299
National Rail,Transport for Wales,Ebbw Vale Town,EBB,51.7766272,-3.2024224
National Rail,Transport for Wales,Barry Docks,BYD,51.4026036,-3.261156
National Rail,Northern Trains,Mossley,MSL,53.5150389,-2.041538
National Rail,Greater Anglia,Billericay,BIC,51.6288429,0.4181268
National Rail,Greater Anglia,Wickford,WIC,51.6148276,0.5194087
National Rail,Greater Anglia,Reedham,REE,52.564446,1.559524
National Rail,Greater Anglia,Kelvedon,KEL,51.8409896,0.7026932
National Rail,West Midlands Trains (London Northwestern Railway),Atherstone,ATH,52.5785202,-1.552366
National Rail,ScotRail,Curriehill,CUH,55.9006276,-3.3184177
National Rail,ScotRail,West Calder,WCL,55.8537711,-3.566816
National Rail,ScotRail,Cleland,CEA,55.8044297,-3.9107267
National Rail,ScotRail,Bellshill,BLH,55.8170602,-4.0243299
National Rail,Southeastern,Brixton,BRX,51.4628953,-0.1133473
National Rail,ScotRail,Merryton,MEY,55.7490077,-3.9775164
National Rail,ScotRail,Carmyle,CML,55.8342637,-4.1580726
National Rail,ScotRail,Milliken Park,MIN,55.8248309,-4.5342076
National Rail,ScotRail,Kilwinning,KWN,55.6561839,-4.7095388
National Rail,South Western Railway,Weymouth,WEY,50.6159266,-2.4549096
National Rail,Transport for Wales,Neath,NTH,51.6620303,-3.8073972
National Rail,Transport for Wales,Skewen,SKE,51.6614691,-3.8467749
National Rail,ScotRail,Bishopbriggs,BBG,55.9039668,-4.2245231
National Rail,Greater Anglia,Shippea Hill,SPP,52.4302535,0.4127561
National Rail,ScotRail,Easterhouse,EST,55.8598473,-4.1068753
National Rail,Northern Trains,Woodlesford,WDS,53.757064,-1.4435652
National Rail,Northern Trains,Bramley,BLE,53.8053522,-1.6372217
London Underground,London Underground,Barbican,ZBB,51.5201797,-0.0986342
London Underground,London Underground,Barkingside,ZBN,51.5858181,0.0886245
London Underground,London Underground,Bond Street,ZBD,51.5139808,-0.1494231
London Underground,London Underground,Buckhurst Hill,ZBI,51.6259439,0.0468161
London Underground,London Underground,Chancery Lane,ZCY,51.5181738,-0.1117642
London Underground,London Underground,Chigwell,ZCG,51.6176444,0.0757204
London Underground,London Underground,Debden,ZDB,51.6452814,0.083583
London Underground,London Underground,Fairlop,ZFA,51.5959477,0.0911302
London Underground,London Underground,Gants Hill,ZGA,51.576525,0.0648799
London Underground,London Underground,Grange Hill,ZGH,51.613134,0.0925025
London Underground,London Underground,Hainault,ZHT,51.6033138,0.0933827
London Underground,London Underground,Mile End,ZME,51.5253378,-0.033435
London Underground,London Underground,Monument,ZMM,51.5106328,-0.0861271
London Underground,London Underground,Roding Valley,ZRV,51.6170812,0.0437553
National Rail,East Midlands Railway,Ulceby,ULC,53.6193448,-0.3008051
National Rail,East Midlands Railway,Barton-on-Humber,BAU,53.6889957,-0.4430513
National Rail;London Overground,West Midlands Trains (London Northwestern Railway),Watford Junction,WFJ,51.6639446,-0.3961114
National Rail,Northern Trains,Gainsborough Central,GNB,53.3989869,-0.7695068
National Rail,East Midlands Railway,Barrow Haven,BAV,53.6974548,-0.392889
National Rail,East Midlands Railway,Goxhill,GOX,53.6766712,-0.3374071
National Rail,East Midlands Railway,Great Coates,GCT,53.5757224,-0.1298327
National Rail,East Midlands Railway,Grimsby Docks,GMD,53.5741416,-0.0758325
National Rail,East Midlands Railway,Habrough,HAB,53.6061,-0.2693542
National Rail,East Midlands Railway,Healing,HLI,53.5818378,-0.1606176
National Rail,East Midlands Railway,New Clee,NCE,53.5743075,-0.0604648
National Rail,East Midlands Railway,New Holland,NHL,53.701985,-0.3601529
National Rail,East Midlands Railway,Stallingborough,SLL,53.5871667,-0.1834359
National Rail,East Midlands Railway,Thornton Abbey,TNA,53.6543161,-0.3230242
National Rail,East Midlands Railway,Collingham,CLM,53.1439832,-0.750266
National Rail,East Midlands Railway,Hykeham,HKM,53.1950652,-0.6000753
National Rail,East Midlands Railway,Swinderby,SWD,53.1693479,-0.7026611
National Rail,East Midlands Railway,Gainsborough Lea Road,GBL,53.3860875,-0.7693785
National Rail,Northern Trains,Worksop,WRK,53.3115968,-1.1228579
National Rail,Northern Trains,Shireoaks,SRO,53.3248638,-1.1683224
National Rail,Northern Trains,Kiveton Bridge,KIV,53.3409362,-1.2670815
National Rail,Northern Trains,Woodhouse,WDH,53.3637962,-1.3573689
National Rail,Northern Trains,Darnall,DAN,53.3845451,-1.4123572
National Rail,Southeastern,Battle,BAT,50.9128867,0.4949233
National Rail,Southeastern,Crowhurst,CWU,50.8886625,0.5014804
National Rail,Southeastern,West St Leonards,WLD,50.8532059,0.5399644
National Rail,Southeastern,Etchingham,ETC,51.0106562,0.4423838
National Rail,Southeastern,Robertsbridge,RBR,50.9855542,0.4686815
National Rail,Southeastern,Tunbridge Wells,TBW,51.1300963,0.2630275
National Rail,Govia Thameslink Railway (Southern),Chipstead,CHP,51.3093361,-0.1693312
National Rail,West Midlands Trains (West Midlands Railway),Bloxwich,BLX,52.6184226,-2.0116755
National Rail,East Midlands Railway,Aslockton,ALK,52.9515525,-0.8984194
National Rail,East Midlands Railway,Bingham,BIN,52.9542194,-0.9512851
National Rail,East Midlands Railway,Creswell,CWD,53.263919,-1.2164106
National Rail,East Midlands Railway,Kirkby-in-Ashfield,KKB,53.1000196,-1.2532679
National Rail,East Midlands Railway,Langwith-Whaley Thorns,LAG,53.2327375,-1.2092803
National Rail,East Midlands Railway,Shirebrook,SHB,53.2041213,-1.2025927
National Rail,East Midlands Railway,Sutton Parkway,SPK,53.1141408,-1.2455485
National Rail,ScotRail,Dalmeny,DAM,55.9862498,-3.3815031
National Rail,ScotRail,Markinch,MNC,56.2004129,-3.1308024
National Rail,ScotRail,North Queensferry,NQU,56.0124476,-3.3946556
National Rail,Great Western Railway,Bradford-on-Avon,BOA,51.344789,-2.2527549
National Rail,ScotRail,Falkirk High,FKK,55.9917251,-3.7925335
National Rail,ScotRail,Balmossie,BSI,56.4747329,-2.8383465
National Rail,ScotRail,Barry Links,BYL,56.49311,-2.7461535
National Rail,ScotRail,Broughty Ferry,BYF,56.4676434,-2.8739864
National Rail,ScotRail,Monifieth,MON,56.479738,-2.8183561
National Rail,ScotRail,Laurencekirk,LAU,56.8371013,-2.4647808
National Rail,ScotRail,Portlethen,PLN,57.0613326,-2.1280803
National Rail,Northern Trains,Conisbrough,CNS,53.4895257,-1.23461
National Rail,Northern Trains,Mexborough,MEX,53.4908309,-1.2885249
National Rail,Northern Trains,Swinton (South Yorkshire),SWN,53.4855977,-1.3056214
National Rail,Northern Trains,Rotherham Central,RMC,53.4316986,-1.3610462
National Rail,South Western Railway,Chessington South,CSS,51.35675,-0.308097
National Rail,Northern Trains,Kirkby-in-Furness,KBF,54.2329033,-3.1872166
National Rail,East Midlands Railway,Loughborough,LBO,52.7795757,-1.1965133
National Rail,ScotRail,Dalmally,DAL,56.4009781,-4.9825597
National Rail;London Underground;Elizabeth line,London Underground,Farringdon,ZFD,51.519964,-0.104555
National Rail,Greater Anglia,Wivenhoe,WIV,51.8565976,0.9562415
National Rail,Greater Anglia,Alresford,ALR,51.8539985,0.9970365
National Rail,Greater Anglia,Great Bentley,GRB,51.8517991,1.0654611
National Rail,Greater Anglia,Weeley,WEE,51.8529782,1.1151912
London Underground,London Underground,Leicester Square,ZLC,51.5114642,-0.1282641
National Rail,South Western Railway,Fulwell,FLW,51.4339055,-0.3490573
National Rail,South Western Railway,Hampton,HMP,51.4159079,-0.3721547
National Rail,South Western Railway,Kempton Park,KMP,51.4210039,-0.4094874
National Rail,South Western Railway,Sunbury,SUU,51.418324,-0.4173517
National Rail,South Western Railway,Upper Halliford,UPH,51.4132081,-0.4307971
National Rail,South Western Railway,Shepperton,SHP,51.3968972,-0.4469133
National Rail,Southeastern,Sevenoaks,SEV,51.2764117,0.1819438
National Rail,Northern Trains,Grange-over-Sands,GOS,54.195693,-2.9028039
National Rail,South Western Railway,Queenstown Road,QRB,51.4752161,-0.1462935
National Rail,South Western Railway,Vauxhall,VXH,51.4858478,-0.1227502
National Rail,Southeastern,Canterbury West,CBW,51.2842245,1.0753092
National Rail,Chiltern Railways,Aylesbury Vale Parkway,AVP,51.8312778,-0.859831
National Rail,Great Western Railway,Newcourt,NCO,50.7026543,-3.4725733
National Rail,South Western Railway,Hinchley Wood,HYW,51.3750431,-0.3406172
National Rail;London Underground,London Underground,Amersham,AMR,51.6740875,-0.6073643
National Rail,South Western Railway,Farnborough (Main),FNB,51.2968188,-0.7555158
National Rail,Transport for Wales,Betws-y-Coed,BYC,53.092687,-3.800542
National Rail;London Underground,London Underground,Chalfont & Latimer,CFO,51.6681019,-0.5611671
National Rail,Southeastern,Wye,WYE,51.1855902,0.9296702
National Rail;London Overground,London Overground,Penge West,PNW,51.4175031,-0.060661
National Rail,ScotRail,Tweedbank,TWB,55.6058578,-2.7589963
National Rail,Great Western Railway,Dorking West,DKT,51.2363548,-0.3398503
National Rail,ScotRail,Galashiels,GAL,55.6178479,-2.8057195
National Rail,Southeastern,Welling,WLI,51.4648215,0.1016292
National Rail,Southeastern,Barnehurst,BNH,51.4650212,0.1596467
National Rail,Southeastern,Eltham,ELW,51.4555936,0.0522692
National Rail,Southeastern,Erith,ERH,51.4815782,0.1751948
National Rail,South Western Railway,Wandsworth Town,WNT,51.4609627,-0.1882512
National Rail,Govia Thameslink Railway (Southern),Merstham,MHM,51.2641687,-0.150065
National Rail,South Western Railway,Berrylands,BRS,51.3990081,-0.2809105
National Rail,South Western Railway,New Malden,NEM,51.4039615,-0.2557593
National Rail,Greater Thameslink Railway,City Thameslink,CTK,51.515126,-0.103564
National Rail;London Overground;Elizabeth line,Network Rail,London Liverpool Street,LST,51.5182105,-0.0814269
National Rail,Network Rail,London Cannon Street,CST,51.5106685,-0.0906046
London Underground,London Underground,Piccadilly Circus,ZPC,51.5098192,-0.1345484
National Rail,Network Rail,London Waterloo,WAT,51.5028379,-0.112801
London Underground,London Underground,Waterloo,ZWA,51.5030015,-0.1139812
National Rail,ScotRail,Dundee,DEE,56.4566146,-2.9708971
National Rail,Northern Trains,St Bees,SBS,54.4923531,-3.5912401
National Rail,South Western Railway,Malden Manor,MAL,51.3847246,-0.2612451
National Rail,South Western Railway,Tolworth,TOL,51.3768746,-0.2794424
National Rail,South Western Railway,Chessington North,CSN,51.363982,-0.3007319
National Rail,Govia Thameslink Railway (Southern),Streatham,STE,51.4259609,-0.1313131
National Rail,Govia Thameslink Railway (Southern),Billingshurst,BIG,51.0151333,-0.4495061
National Rail,Greater Thameslink Railway,Elephant & Castle,EPH,51.4940431,-0.0987169
London Underground,London Underground,Elephant & Castle,ZEL,51.4948884,-0.1005731
National Rail,Govia Thameslink Railway (Southern),Sutton,SUO,51.3596769,-0.1908861
National Rail,Network Rail,London St. Pancras International,STP,51.5327196,-0.1270027
National Rail;London Overground,Network Rail,London Euston,EUS,51.5288526,-0.1341909
National Rail,South Western Railway,Barnes,BNS,51.466783,-0.2411817
National Rail,Great Western Railway,Chilworth,CHL,51.2151195,-0.5250129
National Rail,Great Western Railway,Shalford,SFR,51.2143603,-0.566879
National Rail,South Western Railway,Esher,ESH,51.3800529,-0.3532042
National Rail,Northern Trains,Roby,ROB,53.4100591,-2.8555038
National Rail,Northern Trains,St Helens Junction,SHJ,53.4337834,-2.7000869
National Rail,Northern Trains,Darton,DRT,53.5880035,-1.5307942
National Rail,South Western Railway,Hampton Wick,HMW,51.4145582,-0.3123501
National Rail,South Western Railway,Farnham,FNH,51.2118094,-0.7924218
National Rail,Govia Thameslink Railway (Southern),Cheam,CHE,51.3556609,-0.2145128
London Underground,London Underground,Holborn,ZHO,51.5171149,-0.1200657
National Rail,Chiltern Railways,Seer Green and Jordans,SRG,51.6098353,-0.6077008
National Rail,Northern Trains,Ince and Elton,INE,53.2766012,-2.8166827
National Rail,Northern Trains,Stanlow and Thornton,SNT,53.2783095,-2.8411357
National Rail,Northern Trains,Heighington,HEI,54.5971316,-1.5817711
National Rail,Northern Trains,Seaham,SEA,54.839091,-1.346378
National Rail,Northern Trains,Seaton Carew,SEC,54.6582066,-1.200477
National Rail,Northern Trains,Flowery Field,FLF,53.4613904,-2.0801143
National Rail,West Midlands Trains (West Midlands Railway),Bermuda Park,BEP,52.5033421,-1.472599
National Rail,West Midlands Trains (West Midlands Railway),Wellington,WLN,52.7014362,-2.5167193
National Rail,Northern Trains,Ben Rhydding,BEY,53.9257438,-1.7974707
National Rail,Northern Trains,Burley-in-Wharfedale,BUW,53.9079756,-1.7531866
National Rail,Northern Trains,Guiseley,GSY,53.8760658,-1.7151179
National Rail,Northern Trains,Menston,MNN,53.8923633,-1.7354513
National Rail,Northern Trains,Frizinghall,FZH,53.8203808,-1.7688545
National Rail,Northern Trains,Brighouse,BGH,53.6981649,-1.7793363
National Rail,Northern Trains,Shepley,SPY,53.5887533,-1.7048254
National Rail,Northern Trains,Stocksmoor,SSM,53.5941495,-1.7232658
National Rail,Northern Trains,Bamber Bridge,BMB,53.7269093,-2.6614198
National Rail,Northern Trains,Pleasington,PLS,53.7310487,-2.5440104
National Rail,South Western Railway,Bracknell,BCE,51.4130054,-0.7522572
National Rail,Transport for Wales,Runcorn East,RUE,53.3279397,-2.6654958
National Rail,Northern Trains,Redcar Central,RCC,54.6159857,-1.0703222
National Rail,Northern Trains,South Bank,SBK,54.5840107,-1.1762715
National Rail,TransPennine Express,Yarm,YRM,54.4937626,-1.3514668
National Rail,South Western Railway,Longcross,LNG,51.385277,-0.5950836
National Rail,Northern Trains,Arram,ARR,53.8843298,-0.4265454
National Rail,Northern Trains,Beverley,BEV,53.8421612,-0.4228986
National Rail,Northern Trains,Bridlington,BDT,54.0840651,-0.2003693
National Rail,Northern Trains,Cottingham,CGM,53.781315,-0.406219
National Rail,Northern Trains,Driffield,DRF,54.0014506,-0.4345597
National Rail,Northern Trains,Filey,FIL,54.2098083,-0.2938604
National Rail,Northern Trains,Hutton Cranswick,HUT,53.9561848,-0.4338384
National Rail,Northern Trains,Nafferton,NFN,54.0113429,-0.3856241
National Rail,TransPennine Express,Seamer,SEM,54.2406582,-0.4169939
National Rail,Northern Trains,Gilberdyke,GBD,53.7480234,-0.7316099
National Rail,Northern Trains,Saltmarshe,SAM,53.7220658,-0.8091658
National Rail,West Midlands Trains (West Midlands Railway),Albrighton,ALB,52.6382346,-2.2692137
National Rail,West Midlands Trains (West Midlands Railway),Bilbrook,BBK,52.6239645,-2.1873052
National Rail,West Midlands Trains (West Midlands Railway),Codsall,CSL,52.627437,-2.2018159
National Rail,West Midlands Trains (West Midlands Railway),Cosford,COS,52.6448458,-2.3006927
National Rail,West Midlands Trains (West Midlands Railway),Oakengates,OKN,52.6930906,-2.450188
National Rail,West Midlands Trains (West Midlands Railway),Shifnal,SFN,52.6660075,-2.3716887
National Rail,West Midlands Trains (West Midlands Railway),Telford Central,TFC,52.6811135,-2.441178
National Rail,Transport for Wales,Church Stretton,CTT,52.5373034,-2.8036843
National Rail,Transport for Wales,Gobowen,GOB,52.8933219,-3.0368846
National Rail,Transport for Wales,Knighton,KNI,52.3450164,-3.0423373
National Rail,Northern Trains,Littleborough,LTL,53.6427541,-2.0950109
National Rail,Northern Trains,Moston,MSO,53.5232522,-2.1710273
National Rail,Northern Trains,Smithy Bridge,SMB,53.6328465,-2.1140606
National Rail,Northern Trains,Walsden,WDN,53.6965305,-2.1047674
National Rail,Northern Trains,Bescar Lane,BES,53.6238457,-2.9145518
National Rail,Northern Trains,Burscough Bridge,BCB,53.6054245,-2.8416523
National Rail,Northern Trains,New Lane,NLN,53.6116884,-2.8677436
National Rail,Northern Trains,Parbold,PBL,53.5908551,-2.7711373
National Rail,Northern Trains,Hoscar,HSC,53.5977688,-2.8046076
National Rail,Northern Trains,Gathurst,GST,53.5593822,-2.6938146
National Rail,Northern Trains,Appley Bridge,APB,53.578708,-2.7195791
National Rail,Northern Trains,Bingley,BIY,53.8487153,-1.837164
National Rail,Northern Trains,Crossflatts,CFL,53.858299,-1.844476
National Rail,Northern Trains,Keighley,KEI,53.867932,-1.9013628
National Rail,Northern Trains,Accrington,ACR,53.7527983,-2.3701201
National Rail,Northern Trains,Bardon Mill,BLL,54.9745437,-2.3450711
National Rail,Northern Trains,Brinnington,BNT,53.4319627,-2.1341235
National Rail,Northern Trains,Burnley Manchester Road,BYM,53.7851712,-2.2493172
National Rail,Northern Trains,Cattal,CTL,53.9974183,-1.3201962
National Rail,Northern Trains,Church and Oswaldtwistle,CTW,53.7505427,-2.3908916
National Rail,Northern Trains,Corbridge,CRB,54.9662648,-2.0190286
National Rail,Northern Trains,Haltwhistle,HWH,54.9679903,-2.4627642
National Rail,Northern Trains,Hammerton,HMM,53.996331,-1.2840693
National Rail,Northern Trains,Hapton,HPN,53.7815747,-2.31732
National Rail,Northern Trains,Haydon Bridge,HDB,54.9752903,-2.2472059
National Rail,Northern Trains,Headingley,HDY,53.8180372,-1.5944828
National Rail,Northern Trains,Hebden Bridge,HBD,53.7376399,-2.0088814
National Rail,Northern Trains,Hornbeam Park,HBP,53.9803587,-1.5276765
National Rail,Northern Trains,Horsforth,HRS,53.8477524,-1.6302169
National Rail,Northern Trains,Huncoat,HCT,53.7722434,-2.3470472
National Rail,Northern Trains,Knaresborough,KNA,54.0090258,-1.4703169
National Rail,Northern Trains,Mytholmroyd,MYT,53.7290839,-1.9818234
National Rail,Northern Trains,Pannal,PNL,53.9585105,-1.532787
National Rail,Northern Trains,Poppleton,POP,53.9759597,-1.1484069
National Rail,Northern Trains,Prudhoe,PRU,54.9658707,-1.8647367
National Rail,Northern Trains,Reddish North,RDN,53.4497429,-2.1567562
National Rail,Northern Trains,Riding Mill,RDM,54.9489331,-1.9719541
National Rail,Northern Trains,Rishton,RIS,53.7638289,-2.4201859
National Rail,Northern Trains,Saltaire,SAE,53.8385598,-1.7907973
National Rail,Northern Trains,Sowerby Bridge,SOW,53.7078483,-1.9072266
National Rail,Northern Trains,Starbeck,SBE,53.998881,-1.5004755
National Rail,Northern Trains,Steeton and Silsden,SON,53.9000518,-1.9448075
National Rail,Northern Trains,Stocksfield,SKS,54.946811,-1.9171893
National Rail,Northern Trains,Weeton,WET,53.923285,-1.5812986
National Rail,Northern Trains,Wennington,WNN,54.1236926,-2.5874211
National Rail,Northern Trains,Wetheral,WRL,54.883738,-2.8319918
National Rail,Northern Trains,Wylam,WYM,54.9748735,-1.8143684
National Rail,ScotRail,Motherwell,MTH,55.79189,-3.9946663
National Rail,Northern Trains,Whitby,WTB,54.4843244,-0.6145349
National Rail,Northern Trains,Ruswarp,RUS,54.4699399,-0.6277753
National Rail,Greater Anglia,Kennett,KNE,52.2772508,0.4900933
National Rail,Northern Trains,Lostock Gralam,LTG,53.2677491,-2.4647767
National Rail,Chiltern Railways,Stoke Mandeville,SKM,51.7878849,-0.7843417
National Rail,Southeastern,Sittingbourne,SIT,51.342078,0.7351464
National Rail,Greater Anglia,Great Chesterford,GRC,52.0599283,0.1932286
National Rail,ScotRail,Kingussie,KIN,57.0777904,-4.0531809
National Rail,Southeastern,Whitstable,WHI,51.3576861,1.0343648
National Rail,Southeastern,Chestfield & Swalecliffe,CSW,51.3602828,1.0674411
National Rail,West Midlands Trains (West Midlands Railway),Hednesford,HNF,52.7099433,-2.0019759
National Rail,ScotRail,Kirknewton,KKN,55.8889332,-3.4335165
National Rail,West Midlands Trains (West Midlands Railway),Landywood,LAW,52.6567206,-2.0207238
National Rail,Govia Thameslink Railway (Southern),Lingfield,LFD,51.1761001,-0.0068029
National Rail,Southeastern,Otford,OTF,51.3129318,0.1971759
National Rail,Southeastern,Walmer,WAM,51.2032233,1.3825478
National Rail,South Western Railway,Effingham Junction,EFF,51.2912974,-0.4200621
National Rail,East Midlands Railway,Langley Mill,LGM,53.018474,-1.3311974
National Rail,Greater Anglia,Harling Road,HRD,52.4538578,0.9093112
National Rail,Greater Anglia,Spooner Row,SPN,52.5349209,1.0859995
National Rail,ScotRail,Alexandra Parade,AXP,55.863615,-4.2106693
National Rail,ScotRail,Blairhill,BAI,55.8665156,-4.0427186
National Rail,ScotRail,Carfin,CRF,55.8076817,-3.956036
National Rail,ScotRail,Coatbridge Sunnyside,CBS,55.8669052,-4.0279569
National Rail,ScotRail,Cumbernauld,CUB,55.941902,-3.9803047
National Rail,ScotRail,Hamilton Central,HNC,55.7731462,-4.0388235
National Rail,ScotRail,Hartwood,HTW,55.8111821,-3.8390233
National Rail,ScotRail,Pollokshaws West,PWW,55.8238539,-4.3014144
London Overground,London Overground,Shadwell,SDE,51.511289,-0.0569187
National Rail,Southeastern,Thanet Parkway,THP,51.3307843,1.3614558
National Rail,Greater Thameslink Railway,Wimbledon Chase,WBO,51.410247,-0.2147881
National Rail,Transport for Wales,Rhoose Cardiff International Airport,RIA,51.3871547,-3.3494457
National Rail,ScotRail,High Street,HST,55.8593458,-4.2399263
National Rail,Transport for Wales,Saundersfoot,SDF,51.7220045,-4.7180532
National Rail,ScotRail,Shieldmuir,SDM,55.7774347,-3.9578507
National Rail,South Western Railway,North Sheen,NSH,51.4653247,-0.2865821
National Rail,ScotRail,Coatbridge Central,CBC,55.8626694,-4.0320785
National Rail,ScotRail,Croy,CRO,55.9556324,-4.0362565
National Rail,ScotRail,Lenzie,LNZ,55.9213422,-4.1539264
National Rail,ScotRail,Alloa,ALO,56.1179388,-3.7883249
London Underground,London Underground,Ravenscourt Park,ZRA,51.4941293,-0.2357932
National Rail;London Overground,London Overground,Imperial Wharf,IMW,51.475103,-0.1829268
National Rail,South Western Railway,Earlsfield,EAD,51.4424033,-0.1876937
National Rail,ScotRail,Carstairs,CRS,55.6913659,-3.6693685
National Rail;London Overground,Greater Anglia,Cheshunt,CHN,51.7028638,-0.0237804
National Rail,Southeastern,Hildenborough,HLB,51.2145812,0.2278823
National Rail,Great Western Railway,Betchworth,BTO,51.247941,-0.2674721
National Rail,South Western Railway,Woking,WOK,51.3184492,-0.5573085
National Rail,South Western Railway,West Byfleet,WBY,51.3396192,-0.505218
National Rail,London North Eastern Railway,Newark Northgate,NNG,53.0813745,-0.7994939
National Rail,Greater Thameslink Railway,Tooting,TOO,51.4198463,-0.1613225
National Rail,Greater Thameslink Railway,Haydons Road,HYR,51.4253627,-0.1883425
National Rail,Northern Trains,Alderley Edge,ALD,53.3038625,-2.2366228
National Rail,Northern Trains,Bentham,BEN,54.1154922,-2.5106193
National Rail,Northern Trains,Clapham,CPY,54.105416,-2.4104509
National Rail,Northern Trains,Cononley,CEY,53.9171608,-2.0118034
National Rail,Northern Trains,Gargrave,GGV,53.9782539,-2.1050692
National Rail,Northern Trains,Goostrey,GTR,53.2225699,-2.3263394
National Rail,Northern Trains,Ryder Brow,RRB,53.4569538,-2.1739555
National Rail,Govia Thameslink Railway (Southern),Wandsworth Common,WSW,51.4461242,-0.1635168
National Rail,Network Rail,London Victoria,VIC,51.4947328,-0.1445802
National Rail,Northern Trains,Harrogate,HGT,53.9934045,-1.5374305
National Rail,Merseyrail,Bromborough Rake,BMR,53.3302771,-2.9902234
National Rail,Merseyrail,Aughton Park,AUG,53.5541643,-2.8953003
National Rail,Merseyrail,Old Roan,ORN,53.4869186,-2.9506755
National Rail,Merseyrail,Orrell Park,OPK,53.4617054,-2.9628816
National Rail,Merseyrail,Town Green,TWN,53.5430207,-2.9044304
National Rail,Merseyrail,Walton,WAO,53.4563903,-2.9660572
London Underground,London Underground,Lambeth North,ZLN,51.4989328,-0.1120142
National Rail,Merseyrail,Rice Lane,RIL,53.4575059,-2.9630946
National Rail,Merseyrail,Birkdale,BDL,53.6338886,-3.0146159
National Rail,Merseyrail,Freshfield,FRE,53.5662108,-3.0718907
National Rail,Merseyrail,Hall Road,HLR,53.4976204,-3.0497373
National Rail,Merseyrail,Hightown,HTO,53.5253852,-3.057184
National Rail,Merseyrail,Hillside,HIL,53.6215448,-3.0254312
National Rail,Northern Trains,Eccleston Park,ECL,53.4307355,-2.7803346
National Rail,Northern Trains,Prescot,PSC,53.4235274,-2.7989869
National Rail,Merseyrail,Fazakerley,FAZ,53.468984,-2.9369705
National Rail,Great Western Railway,Taunton,TAU,51.0232945,-3.102674
National Rail,Govia Thameslink Railway (Southern),Dorking,DKG,51.2411653,-0.3241359
London Underground,London Underground,Aldgate,ZAD,51.5142477,-0.0757186
National Rail,Greater Anglia,Bury St Edmunds,BSE,52.2536353,0.7125888
National Rail,Greater Anglia,Elmswell,ESW,52.2381501,0.912534
National Rail,Greater Anglia,Thurston,TRS,52.249911,0.808691
National Rail,Greater Anglia,Needham Market,NMT,52.1526269,1.0555462
National Rail,Greater Anglia,Stowmarket,SMK,52.1897991,1.000257
National Rail;London Underground;London Overground,London Overground,Seven Sisters,SVS,51.5824738,-0.0749325
National Rail,Greater Anglia,Bishop's Stortford,BIS,51.8664266,0.1654013
National Rail,Govia Thameslink Railway (Southern),Ashtead,AHD,51.3179225,-0.3073912
National Rail,Chiltern Railways,Oxford Parkway,OXP,51.8037471,-1.275093
National Rail,Southeastern,Orpington,ORP,51.3736037,0.0887195
National Rail,Southeastern,Herne Hill,HNH,51.4534691,-0.1022835
National Rail,South Western Railway,Cobham & Stoke d'Abernon,CSD,51.3179185,-0.3894128
National Rail,Great Western Railway,Dorking Deepdene,DPD,51.2388155,-0.3239805
National Rail,Govia Thameslink Railway (Southern),Redhill,RDH,51.2400546,-0.165577
National Rail,Govia Thameslink Railway (Southern),Epsom Downs,EPD,51.3242508,-0.2384351
National Rail,South Western Railway,Byfleet and New Haw,BFN,51.3496809,-0.48122
National Rail,Southeastern,Bexley,BXY,51.4402375,0.1479494
National Rail,South Western Railway,Weybridge,WYB,51.3614381,-0.4580837
National Rail,Northern Trains,Apperley Bridge,APY,53.8420442,-1.7070712
National Rail,Greater Anglia,Chelmsford,CHM,51.736512,0.4686521
National Rail,Govia Thameslink Railway (Southern),Balham,BAL,51.4428285,-0.1514426
National Rail,South Western Railway,Mortlake,MTL,51.4680644,-0.2673708
National Rail,West Midlands Trains (London Northwestern Railway),Cheddington,CED,51.8582898,-0.6619813
National Rail,West Midlands Trains (London Northwestern Railway),Berkhamsted,BKM,51.763646,-0.5630828
National Rail,Govia Thameslink Railway (Great Northern),Brookmans Park,BPK,51.7211572,-0.2048356
National Rail,Greater Thameslink Railway,Flitwick,FLT,52.0037912,-0.4949825
National Rail,Greater Thameslink Railway,Harlington,HLN,51.9614072,-0.4953396
National Rail,Govia Thameslink Railway (Great Northern),Hitchin,HIT,51.9531751,-0.2630129
London Underground,London Underground,South Ealing,ZSE,51.5008623,-0.3076815
National Rail,Govia Thameslink Railway (Great Northern),Knebworth,KBW,51.8670421,-0.187051
National Rail,ScotRail,East Kilbride,EKL,55.7660974,-4.1797164
National Rail,ScotRail,Hairmyres,HMY,55.7618249,-4.2298945
National Rail,ScotRail,Busby,BUS,55.7803927,-4.2622278
National Rail,c2c,Tilbury Town,TIL,51.4624598,0.3538289
National Rail,Great Western Railway,Truro,TRU,50.2639862,-5.0642026
National Rail,Great Western Railway,Plymouth,PLY,50.3780967,-4.1433925
National Rail,Northern Trains,Dore and Totley,DOR,53.3275706,-1.5153161
National Rail,TransPennine Express,Brough,BUH,53.7269328,-0.5781491
National Rail,Northern Trains,Halifax,HFX,53.7208399,-1.8536277
National Rail,ScotRail,Stirling,STG,56.1196512,-3.9342962
National Rail,ScotRail,Dalmuir,DMR,55.9120066,-4.4268526
National Rail,Network Rail,London Bridge,LBG,51.5048764,-0.0851473
National Rail,East Midlands Railway,Leicester,LEI,52.6321088,-1.1236065
National Rail,Greater Thameslink Railway,Bedford,BDM,52.1361826,-0.4797291
National Rail,East Midlands Railway,Beeston,BEE,52.9207938,-1.2075065
National Rail,ScotRail,Kilpatrick,KPT,55.9241104,-4.452836
National Rail,ScotRail,Westerton,WES,55.9048265,-4.3351335
National Rail,ScotRail,Drumchapel,DMC,55.9047342,-4.363032
National Rail,ScotRail,Dumbarton Central,DBC,55.9465247,-4.5676104
National Rail,ScotRail,Dalreoch,DLR,55.9472801,-4.577251
National Rail,ScotRail,Airdrie,ADR,55.8640839,-3.9822547
National Rail,ScotRail,Hyndland,HYN,55.8796122,-4.3144853
National Rail,ScotRail,Jordanhill,JOR,55.8826544,-4.3246367
National Rail,ScotRail,Anniesland,ANL,55.8899452,-4.3215698
National Rail,ScotRail,Garscadden,GRS,55.8875152,-4.3644049
National Rail,ScotRail,Yoker,YOK,55.8927552,-4.3868495
National Rail,ScotRail,Clydebank,CYK,55.9005667,-4.4041552
National Rail,ScotRail,Scotstounhill,SCH,55.8850131,-4.3529546
National Rail,ScotRail,Springburn,SPR,55.8818527,-4.2301653
National Rail,ScotRail,Greenfaulds,GRL,55.934965,-3.9935101
National Rail,ScotRail,Helensburgh Upper,HLU,56.0124414,-4.7307717
National Rail,Great Western Railway,Cookham,COO,51.5573685,-0.7222499
National Rail,ScotRail,Tulloch,TUL,56.8840987,-4.701135
National Rail,ScotRail,Kingsknowe,KGE,55.9189091,-3.2648569
National Rail,ScotRail,Slateford,SLA,55.9266156,-3.243746
National Rail,ScotRail,Wester Hailes,WTA,55.9143713,-3.2838201
National Rail,Greater Thameslink Railway,West Sutton,WSU,51.3662613,-0.2044835
National Rail,Southeastern,Bat & Ball,BBL,51.2901134,0.1941812
National Rail,Southeastern,Eynsford,EYN,51.3623288,0.2042149
National Rail,Northern Trains,Ashley,ASY,53.3557218,-2.341439
National Rail,Southeastern,High Brooms,HIB,51.1497792,0.2779622
National Rail,West Midlands Trains (London Northwestern Railway),Tring,TRI,51.800672,-0.6224578
National Rail,Northern Trains,Chinley,CLY,53.3401158,-1.9445158
Elizabeth line,Elizabeth line,Woolwich,WWC,51.491954,0.070615
London Underground,London Underground,Upton Park,ZUP,51.5351062,0.0339842
National Rail,Transport for Wales,Bangor,BNG,53.2226448,-4.135518
National Rail,Great Western Railway,Tackley,TAC,51.8814551,-1.297508
National Rail,Northern Trains,Heworth,HEW,54.9515942,-1.5575801
Tyne and Wear Metro,Tyne and Wear Metro,St Peter's,STZ,54.9110683,-1.3837588
Tyne and Wear Metro,Tyne and Wear Metro,Stadium of Light,STI,54.9181372,-1.3829516
National Rail;Tyne and Wear Metro,Northern Trains,Sunderland,SUN,54.9061115,-1.3824404
London Underground,London Underground,Clapham Common,ZCC,51.4620748,-0.1373589
London Underground,London Underground,White City,ZWC,51.5119347,-0.2242361
Tyne and Wear Metro,Tyne and Wear Metro,East Boldon,EBL,54.946345,-1.4201545
Tyne and Wear Metro,Tyne and Wear Metro,Brockley Whins,BNR,54.9595193,-1.460684
Tyne and Wear Metro,Tyne and Wear Metro,Seaburn,SEB,54.9295618,-1.3865039
National Rail,Northern Trains,Manors,MAS,54.972671,-1.6056318
National Rail,Northern Trains,Allens West,ALW,54.524557,-1.3616516
National Rail,Great Western Railway,Tilehurst,TLH,51.4716513,-1.0296647
Docklands Light Railway,Docklands Light Railway,Lewisham DLR,ZDM,51.4649887,-0.0130109
National Rail,Govia Thameslink Railway (Southern),Seaford,SEF,50.7729237,0.0999463
National Rail,Northern Trains,Low Moor,LMR,53.7501367,-1.7523839
National Rail,Merseyrail,Hunts Cross,HNX,53.3607333,-2.8554087
National Rail,South Western Railway,Farncombe,FNC,51.1971446,-0.6043738
National Rail,South Western Railway,Godalming,GOD,51.1865224,-0.6189563
National Rail,South Western Railway,Feltham,FEL,51.4478377,-0.4102826
National Rail,South Western Railway,St Margarets,SMG,51.4551535,-0.3202187
National Rail,Merseyrail,Blundellsands & Crosby,BLN,53.4877265,-3.0404348
National Rail,Great Western Railway,Newbury,NBY,51.3975325,-1.322751
National Rail,South Western Railway,Oxshott,OXS,51.3361004,-0.3625418
National Rail,South Western Railway,Claygate,CLG,51.3610578,-0.3484109
London Underground,London Underground,Chesham,ZCM,51.705012,-0.6110784
National Rail,Southeastern,Wadhurst,WAD,51.0733883,0.3130406
National Rail,Southeastern,Frant,FRT,51.1040897,0.2943374
London Underground,London Underground,South Woodford,ZQS,51.5917798,0.0274276
National Rail;London Underground,London Underground,West Ruislip,WRU,51.5695047,-0.4370447
National Rail,Govia Thameslink Railway (Southern),Box Hill & Westhumble,BXW,51.2539871,-0.3286723
National Rail,South Western Railway,Hampton Court,HMC,51.4020159,-0.3425203
National Rail,Govia Thameslink Railway (Southern),Bognor Regis,BOG,50.7876895,-0.6757482
National Rail,Govia Thameslink Railway (Southern),Tadworth,TAD,51.2914245,-0.2358629
National Rail,ScotRail,Rannoch,RAN,56.6861502,-4.5769511
National Rail,East Midlands Railway,Lincoln,LCN,53.2261066,-0.5398447
National Rail,Northern Trains,Todmorden,TOD,53.713858,-2.0997573
National Rail,Northern Trains,Blackburn,BBN,53.7465347,-2.4788573
National Rail,Northern Trains,Rose Grove,RSG,53.7862655,-2.2823158
National Rail,Northern Trains,Lostock Hall,LOH,53.7243497,-2.6870008
National Rail,Northern Trains,Cherry Tree,CYT,53.7331819,-2.5186399
National Rail,Northern Trains,Mill Hill,MLH,53.735339,-2.5019404
National Rail,Northern Trains,Castleton,CAS,53.5927444,-2.1777231
London Underground,London Underground,Aldgate East,ZAE,51.5156185,-0.070839
National Rail,Govia Thameslink Railway (Southern),Littlehampton,LIT,50.8101746,-0.5462574
National Rail,Transport for Wales,Wildmill,WMI,51.5198051,-3.5802725
National Rail,Northern Trains,Blaydon,BLO,54.9659633,-1.7128813
National Rail,Transport for Wales,Chester,CTR,53.1967494,-2.8795296
National Rail,Northern Trains,Buxton,BUX,53.2607853,-1.9131016
National Rail,Northern Trains,Skipton,SKI,53.9584308,-2.0260314
National Rail,Northern Trains,Kirkstall Forge,KLF,53.8253007,-1.627075
National Rail,Northern Trains,Ilkley,ILK,53.9247929,-1.8212877
National Rail,Northern Trains,Bradford Forster Square,BDQ,53.7974731,-1.7532149
National Rail,Northern Trains,Colne,CNE,53.8549144,-2.181886
National Rail,Northern Trains,Clitheroe,CLH,53.8735624,-2.3944323
National Rail,Northern Trains,Whalley,WHE,53.8244874,-2.4118943
National Rail,Network Rail,Manchester Piccadilly,MAN,53.4772197,-2.2301402
National Rail,Northern Trains,Manchester Oxford Road,MCO,53.4737777,-2.2422762
National Rail,Northern Trains,Deansgate,DGT,53.4740961,-2.251063
National Rail,Northern Trains,Salford Central,SFD,53.4828774,-2.2555159
National Rail,Northern Trains,Manchester Victoria,MCV,53.4879748,-2.2424846
National Rail,Northern Trains,Barrow-in-Furness,BIF,54.1191205,-3.2260261
National Rail,Northern Trains,Chorley,CRL,53.6529842,-2.626934
National Rail,Northern Trains,Ravenglass,RAV,54.3556605,-3.4088794
National Rail,Northern Trains,Whitehaven,WTH,54.5532204,-3.5871793
National Rail,Transport for Wales,Shrewsbury,SHR,52.7118509,-2.7494043
National Rail,Northern Trains,Nunthorpe,NNT,54.5280386,-1.1697897
National Rail,Transport for Wales,Tywyn,TYW,52.5853794,-4.0933648
National Rail,Transport for Wales,Pwllheli,PWL,52.8881946,-4.4161558
National Rail,Transport for Wales,Barmouth,BRM,52.7224433,-4.0567929
London Underground,London Underground,Parsons Green,ZPG,51.4750837,-0.201549
National Rail,c2c,London Fenchurch Street,FST,51.5113281,-0.0774191
London Underground,London Underground,Fulham Broadway,ZFB,51.480827,-0.1945023
National Rail,ScotRail,Clarkston,CKS,55.7894597,-4.2757616
National Rail,Great Western Railway,Hayle,HYL,50.1855434,-5.4199282
National Rail,ScotRail,Forres,FOR,57.6111092,-3.6243246
London Underground,London Underground,Plaistow,ZPS,51.5311544,0.0166833
London Underground,London Underground,Bow Road,ZBR,51.5268535,-0.024789
London Underground,London Underground,Stepney Green,ZSG,51.5217026,-0.0467147
London Underground,London Underground,Oakwood,ZOA,51.6473302,-0.1312548
London Underground,London Underground,West Kensington,ZWK,51.4907023,-0.2059442
London Underground;London Overground,London Underground,West Brompton,WBP,51.4869765,-0.1951854
London Underground,London Underground,Boston Manor,ZBM,51.4953386,-0.3254399
London Underground,London Underground,Heathrow Terminals 2 & 3,ZHJ,51.4713416,-0.452483
London Underground,London Underground,Knightsbridge,ZKN,51.5015961,-0.160937
London Underground,London Underground,Hounslow West,ZHW,51.4735822,-0.3858181
London Underground,London Underground,Mornington Crescent,ZMN,51.5340608,-0.1380918
London Underground,London Underground,Hounslow East,ZHE,51.4734727,-0.3558944
London Underground,London Underground,Hounslow Central,ZHC,51.471307,-0.3662332
London Underground,London Underground,Southgate,ZSA,51.6323183,-0.1277858
London Underground,London Underground,Cockfosters,ZCK,51.651366,-0.1485149
London Underground,London Underground,Burnt Oak,ZBO,51.6028082,-0.2640125
London Underground,London Underground,Putney Bridge,ZPB,51.4682995,-0.2087947
London Underground,London Underground,Northfields,ZNF,51.4996647,-0.312979
National Rail;London Underground,London Underground,Chorleywood,CLW,51.6542186,-0.5183913
London Underground,London Underground,Hyde Park Corner,ZHY,51.5027264,-0.1543249
London Underground,London Underground,Lancaster Gate,ZLA,51.5118427,-0.1753808
London Underground,London Underground,Newbury Park,ZNP,51.5754985,0.0899693
London Underground,London Underground,Moor Park,ZMP,51.6297793,-0.4321576
National Rail;London Underground,London Underground,Rickmansworth,RIC,51.6402275,-0.4736305
London Underground,London Underground,Ealing Common,ZEC,51.5097107,-0.2881658
London Underground,London Underground,Kingsbury,ZKY,51.5843174,-0.2787137
London Underground,London Underground,Queensbury,ZQB,51.5941903,-0.286181
London Underground,London Underground,Northwick Park,ZNK,51.578491,-0.3176997
London Underground,London Underground,Preston Road,ZPR,51.5722732,-0.2958081
London Underground,London Underground,Finchley Road,ZFR,51.5472307,-0.1806964
London Underground,London Underground,West Harrow,ZWX,51.5795991,-0.3531364
London Underground,London Underground,Eastcote,ZEE,51.5766614,-0.3965092
London Underground,London Underground,Ickenham,ZIC,51.5615698,-0.4423513
London Underground,London Underground,Pinner,ZPI,51.5926589,-0.380635
London Underground,London Underground,Northwood Hills,ZNS,51.6001534,-0.4084575
London Underground,London Underground,Northwood,ZND,51.6107965,-0.4237072
London Underground,London Underground,Croxley,ZCO,51.6475825,-0.4410785
London Underground,London Underground,Watford,ZWT,51.6570048,-0.4183683
London Underground,London Underground,Leytonstone,ZLE,51.5688027,0.0086166
National Rail;London Underground,London Underground,Harrow-on-the-Hill,HOH,51.5791381,-0.336092
London Underground,London Underground,Acton Town,ZAT,51.5027051,-0.2799643
London Underground,London Underground,South Kensington,ZSK,51.4940799,-0.1729072
London Underground,London Underground,Edgware Road,ZEB,51.5204575,-0.1702993
London Underground,London Underground,Embankment,ZEK,51.5072143,-0.1222409
London Underground,London Underground,Notting Hill Gate,ZNG,51.5089252,-0.1961978
National Rail,Great Western Railway,Dilton Marsh,DMH,51.2488801,-2.2078188
National Rail,Govia Thameslink Railway (Southern),Caterham,CAT,51.2822065,-0.0783882
National Rail,ScotRail,Brunstane,BSU,55.9419989,-3.1008704
National Rail;London Underground;Docklands Light Railway,London Underground,West Ham,WEH,51.5280966,0.0045685
National Rail;London Underground;London Overground;Docklands Light Railway;Elizabeth line,Elizabeth line,Stratford,SRA,51.541289,-0.0035472
National Rail,Govia Thameslink Railway (Southern),Kenley,KLY,51.3247757,-0.100844
National Rail,Govia Thameslink Railway (Southern),Purley,PUR,51.3374802,-0.1139129
National Rail,Govia Thameslink Railway (Southern),Whyteleafe South,WHS,51.3037508,-0.0772314
National Rail,Govia Thameslink Railway (Southern),Whyteleafe,WHY,51.3099209,-0.0810163
National Rail,Govia Thameslink Railway (Southern),Upper Warlingham,UWL,51.3085512,-0.0778344
National Rail,Govia Thameslink Railway (Southern),Woldingham,WOH,51.2896975,-0.0516667
National Rail;Elizabeth line,Elizabeth line,Langley,LNY,51.507818,-0.5409049
Docklands Light Railway,Docklands Light Railway,Mudchute,ZMC,51.4915188,-0.0149135
National Rail,Northern Trains,South Milford,SOM,53.7823824,-1.2511292
National Rail,Northern Trains,Mobberley,MOB,53.3295673,-2.3336005
National Rail,Northern Trains,Widnes,WID,53.3786146,-2.7341997
National Rail,Northern Trains,Rochdale,RCD,53.6105726,-2.1528351
London Underground,London Underground,Southwark,ZSW,51.503925,-0.1049663
National Rail,ScotRail,Edinburgh Gateway,EGY,55.9409388,-3.3201335
London Underground,London Underground,Edgware,ZED,51.6136623,-0.2749555
National Rail,Avanti West Coast,Stockport,SPT,53.4054501,-2.1630435
National Rail,Northern Trains,Wakefield Kirkgate,WKK,53.6786558,-1.4886398
National Rail;London Underground,London Underground,Kentish Town,KTN,51.5501727,-0.1388654
National Rail,Northern Trains,Guide Bridge,GUI,53.4745643,-2.1132396
National Rail,Northern Trains,Newton for Hyde,NWN,53.4567001,-2.067531
National Rail,Northern Trains,New Pudsey,NPD,53.8046713,-1.6805365
National Rail,Northern Trains,Pontefract Baghill,PFR,53.6917363,-1.3034033
National Rail,Northern Trains,James Cook,JCH,54.5519996,-1.2085253
National Rail,Northern Trains,Lostock,LOT,53.5727921,-2.494764
National Rail,Northern Trains,Adlington,ADL,53.6130719,-2.6028597
National Rail,Northern Trains,Burneside,BUD,54.3555182,-2.767351
National Rail,Northern Trains,Hope,HOP,53.3459832,-1.7296279
National Rail,Northern Trains,Kents Bank,KBK,54.1728754,-2.9252051
National Rail,Northern Trains,Ulverston,ULV,54.1917155,-3.0979329
London Underground,London Underground,Warwick Avenue,ZWV,51.5229834,-0.1833083
National Rail,Northern Trains,Brampton,BMP,54.9321536,-2.7038502
London Underground,London Underground,Tottenham Court Road,ZTC,51.5159715,-0.1305125
National Rail;Docklands Light Railway,Southeastern,Greenwich,GNW,51.4781086,-0.0154152
Docklands Light Railway,Docklands Light Railway,West India Quay,ZIQ,51.5067417,-0.0204833
Docklands Light Railway,Docklands Light Railway,All Saints,ZAS,51.5108398,-0.0130551
Docklands Light Railway,Docklands Light Railway,Stratford High Street,ZST,51.5376469,-0.0001288
Docklands Light Railway,Docklands Light Railway,Bow Church,ZBC,51.5274411,-0.0206424
National Rail,c2c,Limehouse,LHS,51.5128705,-0.0390456
London Underground,London Underground,Bounds Green,ZBG,51.607376,-0.1249047
London Underground,London Underground,Hammersmith (Circle and Hammersmith & City lines),ZHZ,51.494109,-0.2250607
London Underground,London Underground,St. Paul's,ZSP,51.5149144,-0.0975883
National Rail,Southeastern,Knockholt,KCK,51.3457689,0.1308295
London Underground,London Underground,Hampstead,ZHM,51.5565973,-0.1784251
London Underground,London Underground,Belsize Park,ZBP,51.5503088,-0.1646146
London Underground,London Underground,Holloway Road,ZHR,51.5528674,-0.1130095
London Underground,London Underground,Swiss Cottage,ZSC,51.543722,-0.174982
London Underground,London Underground,Park Royal,ZPK,51.5264341,-0.2839348
National Rail,Govia Thameslink Railway (Southern),Chichester,CCH,50.8318805,-0.781845
London Underground,London Underground,Wood Lane,ZWL,51.5101068,-0.2237557
London Underground,London Underground,Turnpike Lane,ZTL,51.5901482,-0.1027442
National Rail,Northern Trains,Acklington,ACK,55.3072171,-1.6517687
National Rail,East Midlands Railway,Ancaster,ANC,52.987708,-0.5353535
National Rail,West Midlands Trains (London Northwestern Railway),Apsley,APS,51.732365,-0.4629888
National Rail,Great Western Railway,Ashchurch for Tewkesbury,ASC,51.9990255,-2.1087299
National Rail,Govia Thameslink Railway (Great Northern),Hadley Wood,HDW,51.6686291,-0.1761376
National Rail,Northern Trains,Micklefield,MIK,53.7887921,-1.3261163
National Rail,Govia Thameslink Railway (Great Northern),Welham Green,WMG,51.736419,-0.2105454
National Rail,TransPennine Express,Thirsk,THI,54.2286468,-1.3732622
National Rail,Great Western Railway,Shiplake,SHI,51.5111653,-0.8824136
National Rail;Elizabeth line,Great Western Railway,Twyford,TWY,51.47539,-0.8631386
National Rail;Cholsey & Wallingford Railway,Great Western Railway,Cholsey,CHO,51.5704082,-1.1586983
National Rail,Govia Thameslink Railway (Southern),Mitcham Eastfields,MTC,51.4073954,-0.154872
London Underground,London Underground,Morden,ZMO,51.4027615,-0.1947552
National Rail,Greater Thameslink Railway,Morden South,MDS,51.395678,-0.1992399
National Rail,Southeastern,Blackheath,BKH,51.4657989,0.0089218
National Rail,Southeastern,Deptford,DEP,51.4789824,-0.0266353
London Underground;Docklands Light Railway,London Underground,Canning Town,ZCB,51.5139887,0.0082987
National Rail;London Underground;Elizabeth line,Elizabeth line,Ealing Broadway,EAL,51.5149803,-0.3004067
London Underground,London Underground,Russell Square,ZRS,51.5230529,-0.1242529
London Underground,London Underground,Caledonian Road,ZCR,51.548482,-0.1183585
London Underground,London Underground,Totteridge & Whetstone,ZTW,51.6307163,-0.1791837
London Underground,London Underground,Chalk Farm,ZCF,51.5441141,-0.1534811
National Rail,East Midlands Railway,Melton Mowbray,MMO,52.7610228,-0.8857875
National Rail,East Midlands Railway,Whitwell,WWL,53.2799663,-1.2002363
National Rail,Northern Trains,Hathersage,HSG,53.3259212,-1.6521354
National Rail,Govia Thameslink Railway (Southern),Balcombe,BAB,51.0555957,-0.137032
London Underground,London Underground,Oxford Circus,ZOC,51.5154418,-0.1419563
National Rail,Northern Trains,Hexham,HEX,54.9735335,-2.0947934
London Underground;London Overground,London Underground,Canada Water,ZCW,51.4979299,-0.0498405
National Rail,Merseyrail,Maghull North,MNS,53.5167407,-2.9212339
National Rail;London Underground,London Underground,Moorgate,MOG,51.5182516,-0.0890625
National Rail,ScotRail,Kintore,KTR,57.2433565,-2.3502092
National Rail,West Midlands Trains (London Northwestern Railway),Long Buckby,LBK,52.2944142,-1.0860558
National Rail;London Overground,Network Rail,Clapham Junction,CLJ,51.4644589,-0.1705184
National Rail,London North Eastern Railway,York,YRK,53.9577037,-1.0937301
National Rail,Chiltern Railways,London Marylebone,MYB,51.5243712,-0.163592
National Rail,Chiltern Railways,Little Kimble,LTK,51.7522425,-0.8085107
National Rail,West Midlands Trains (West Midlands Railway),Kidderminster,KID,52.3843587,-2.2384792
National Rail,East Midlands Railway,Sheffield,SHF,53.3783713,-1.4621381
National Rail;London Overground,London Overground,Crystal Palace,CYP,51.4176595,-0.0712666
National Rail,Northern Trains,North Road,NRD,54.5357302,-1.5539294
National Rail,South Western Railway,Bookham,BKA,51.2888353,-0.3838753
National Rail,South Western Railway,Hook,HOK,51.2798793,-0.9614163
National Rail,South Western Railway,Winchfield,WNF,51.2847339,-0.9070163
National Rail,South Western Railway,Fleet,FLE,51.2906158,-0.8313789
National Rail,South Western Railway,Brookwood,BKO,51.3035819,-0.6359925
National Rail,South Western Railway,Hersham,HER,51.3769063,-0.3895797
National Rail,South Western Railway,Raynes Park,RAY,51.408966,-0.23054
National Rail,South Western Railway,Worcester Park,WCP,51.3814267,-0.2449641
National Rail,South Western Railway,Stoneleigh,SNL,51.3638988,-0.2479641
National Rail,Govia Thameslink Railway (Southern),Leatherhead,LHD,51.2991137,-0.3330413
National Rail,South Western Railway,Horsley,HSY,51.2795154,-0.4352969
National Rail,South Western Railway,Clandon,CLA,51.2640346,-0.5028629
National Rail,South Western Railway,London Road (Guildford),LRD,51.2407385,-0.565161
National Rail,Network Rail,Guildford,GLD,51.2372003,-0.5811391
National Rail,Govia Thameslink Railway (Southern),Carshalton,CSH,51.3685771,-0.1663814
National Rail,Govia Thameslink Railway (Southern),Ewell East,EWE,51.3452926,-0.2412882
National Rail,Govia Thameslink Railway (Southern),Holmwood,HLM,51.1811282,-0.320874
National Rail,Govia Thameslink Railway (Southern),Ockley,OLY,51.1515691,-0.3361686
National Rail,Govia Thameslink Railway (Southern),Warnham,WNH,51.0930387,-0.3296073
National Rail,Govia Thameslink Railway (Southern),Horsham,HRH,51.0659838,-0.318921
National Rail,Govia Thameslink Railway (Southern),Arundel,ARU,50.8480121,-0.5462656
National Rail,Govia Thameslink Railway (Southern),Amberley,AMY,50.8964162,-0.5420304
National Rail,Govia Thameslink Railway (Southern),Pulborough,PUL,50.9575905,-0.5164713
National Rail,Govia Thameslink Railway (Southern),Christ's Hospital,CHH,51.0508094,-0.3638616
National Rail,Govia Thameslink Railway (Southern),Ford,FOD,50.8293642,-0.578301
National Rail,Govia Thameslink Railway (Southern),Barnham,BAA,50.8307449,-0.6402044
National Rail,Govia Thameslink Railway (Southern),Three Bridges,TBD,51.1174709,-0.1610653
National Rail,Govia Thameslink Railway (Southern),Crawley,CRW,51.1120337,-0.1865238
National Rail;London Overground,London Overground,Sydenham,SYD,51.427742,-0.0542215
National Rail;London Overground,London Overground,Forest Hill,FOH,51.4392419,-0.0530903
National Rail;London Overground,London Overground,Honor Oak Park,HPA,51.4504605,-0.0450199
National Rail;London Overground,London Overground,New Cross Gate,NXG,51.4752983,-0.0404289
National Rail;London Overground,Southeastern,New Cross,NWX,51.4763706,-0.0326237
National Rail,Southeastern,St Johns,SAJ,51.4690905,-0.0221846
National Rail,Southeastern,Westcombe Park,WCB,51.4842403,0.0186204
National Rail,Southeastern,Woolwich Dockyard,WWD,51.4910924,0.0548824
National Rail,Southeastern,Woolwich Arsenal,WWA,51.4896184,0.0703782
National Rail,Southeastern,Plumstead,PLU,51.4897681,0.0840176
National Rail;Elizabeth line,Elizabeth line,Abbey Wood,ABW,51.4910781,0.1204062
National Rail,Southeastern,Slade Green,SGR,51.4676731,0.1903098
National Rail,Southeastern,Dartford,DFD,51.4474203,0.2191164
National Rail,East Midlands Railway,Derby,DBY,52.9165243,-1.462612
National Rail,Southeastern,Grove Park,GRP,51.4307645,0.0220245
National Rail,Southeastern,Hither Green,HGR,51.4515872,-0.0006473
National Rail,Southeastern,Elmstead Woods,ESD,51.4167981,0.0446574
National Rail,Southeastern,Chislehurst,CIT,51.4051626,0.0578673
National Rail,Southeastern,Petts Wood,PET,51.388626,0.0745614
National Rail,Southeastern,Chelsfield,CLD,51.3566115,0.1083284
National Rail,Southeastern,Dunton Green,DNG,51.296617,0.171318
National Rail,Govia Thameslink Railway (Southern),Uckfield,UCK,50.9687382,0.0966299
National Rail,Govia Thameslink Railway (Southern),Eridge,ERI,51.0892394,0.2009551
National Rail,Govia Thameslink Railway (Southern),Hurst Green,HUR,51.2442817,0.0042319
National Rail,Govia Thameslink Railway (Southern),Edenbridge Town,EBT,51.2001369,0.067215
National Rail,Govia Thameslink Railway (Southern),Hever,HEV,51.1813846,0.0948105
National Rail,Govia Thameslink Railway (Southern),Cowden,CWN,51.1556295,0.1098981
National Rail,Govia Thameslink Railway (Southern),Crowborough,COH,51.0462372,0.1880389
National Rail,Govia Thameslink Railway (Southern),Buxted,BXD,50.9901183,0.1313783
National Rail,Govia Thameslink Railway (Southern),Oxted,OXT,51.2578428,-0.0045584
National Rail;London Overground,London Overground,Norwood Junction,NWD,51.3971695,-0.0746988
National Rail,Govia Thameslink Railway (Southern),Dormans,DMS,51.1558675,-0.0042265
National Rail,Govia Thameslink Railway (Southern),East Grinstead,EGR,51.1264031,-0.0178578
National Rail,Govia Thameslink Railway (Southern),South Croydon,SCY,51.3629173,-0.0933556
National Rail,Govia Thameslink Railway (Southern),Sanderstead,SNR,51.348394,-0.0934589
National Rail,Govia Thameslink Railway (Southern),Riddlesdown,RDD,51.3329352,-0.0997037
National Rail,Southeastern,Ladywell,LAD,51.4560257,-0.0191917
National Rail,Southeastern,Catford Bridge,CFB,51.4445909,-0.0249226
National Rail,Southeastern,Lower Sydenham,LSY,51.4247446,-0.0332998
National Rail,Southeastern,New Beckenham,NBC,51.4169395,-0.0352069
National Rail,Southeastern,Clock House,CLK,51.4083449,-0.0408182
National Rail,Southeastern,West Wickham,WWI,51.3815143,-0.0147334
National Rail,Southeastern,Eden Park,EDN,51.3901801,-0.0263691
National Rail,Southeastern,Elmers End,ELE,51.398012,-0.0497025
National Rail,Transport for Wales,Chepstow,CPW,51.6399688,-2.6710757
National Rail,West Midlands Trains (West Midlands Railway),Aston,AST,52.5044196,-1.8720376
National Rail,South Western Railway,Aldershot,AHT,51.2462832,-0.7599088
National Rail,South Western Railway,Ash Vale,AHV,51.2725337,-0.7214571
National Rail,South Western Railway,Camberley,CAM,51.3363364,-0.7438865
National Rail,South Western Railway,Bagshot,BAG,51.3643336,-0.6885039
National Rail,Northern Trains,Newton-le-Willows,NLW,53.4531451,-2.6128853
National Rail,Northern Trains,Earlestown,ERL,53.4512184,-2.6376153
National Rail,Avanti West Coast,Runcorn,RUN,53.3385599,-2.7393871
National Rail,Avanti West Coast,Crewe,CRE,53.0889629,-2.4326364
National Rail,South Western Railway,Portsmouth Harbour,PMH,50.7967035,-1.1087807
National Rail,South Western Railway,Milford,MLF,51.163179,-0.6368939
National Rail,South Western Railway,Witley,WTY,51.1331013,-0.6459792
National Rail,South Western Railway,Haslemere,HSL,51.0887757,-0.7194871
National Rail,South Western Railway,Liphook,LIP,51.0712216,-0.8001257
National Rail,South Western Railway,Liss,LIS,51.0439274,-0.8926226
National Rail,South Western Railway,Worplesdon,WPL,51.2878849,-0.5824209
National Rail,South Western Railway,Petersfield,PTR,51.0065237,-0.9417209
National Rail,South Western Railway,Rowlands Castle,RLN,50.8924696,-0.957274
National Rail,South Western Railway,Bedhampton,BDH,50.8539846,-0.9962717
National Rail,South Western Railway,Havant,HAV,50.8544413,-0.9815624
National Rail,South Western Railway,Portsmouth and Southsea,PMS,50.7982014,-1.0906787
National Rail,South Western Railway,Tisbury,TIS,51.061005,-2.0787884
National Rail,South Western Railway,Andover,ADV,51.211559,-1.4927767
National Rail,South Western Railway,Templecombe,TMC,51.001594,-2.4172852
National Rail,South Western Railway,Salisbury,SAL,51.0705706,-1.8064141
National Rail,South Western Railway,Gillingham,GIL,51.0340876,-2.2720765
National Rail,Northern Trains,East Garforth,EGF,53.7922376,-1.3715945
National Rail,TransPennine Express,Selby,SBY,53.7829146,-1.0634228
National Rail,Northern Trains,Wressle,WRS,53.7728263,-0.9236723
National Rail,Northern Trains,Howden,HOW,53.7647567,-0.8606411
National Rail,Northern Trains,Broomfleet,BMF,53.7403673,-0.6730092
National Rail,Northern Trains,Ferriby,FRY,53.7170509,-0.5077294
National Rail,Northern Trains,Hessle,HES,53.7173688,-0.4421011
National Rail,Northern Trains,Cross Gates,CRG,53.8050605,-1.450353
National Rail,Northern Trains,Eastrington,EGN,53.755235,-0.7870775
National Rail,TransPennine Express,Hull Paragon Interchange,HUL,53.7438351,-0.3475977
National Rail,TransPennine Express,Stalybridge,SYB,53.4841386,-2.0642227
National Rail,Northern Trains,Slaithwaite,SWT,53.6241585,-1.8806027
National Rail,TransPennine Express,Huddersfield,HUD,53.64849,-1.7847509
National Rail,TransPennine Express,Dewsbury,DEW,53.692016,-1.6332735
National Rail,Northern Trains,Batley,BTL,53.7102081,-1.6230114
National Rail,Great Western Railway,Exeter St Davids,EXD,50.7292155,-3.5435703
National Rail,Great Western Railway,Exeter Central,EXC,50.7269097,-3.5322829
National Rail,South Western Railway,Pinhoe,PIN,50.7377879,-3.4700805
National Rail,South Western Railway,Cranbrook,CBK,50.7500196,-3.4209803
National Rail,South Western Railway,Whimple,WHM,50.7679282,-3.3542794
National Rail,South Western Railway,Feniton,FNT,50.78662,-3.2854607
National Rail,South Western Railway,Honiton,HON,50.7967287,-3.1869232
National Rail,South Western Railway,Axminster,AXM,50.7790074,-3.0049453
National Rail,South Western Railway,Sherborne,SHE,50.943979,-2.5129696
National Rail,South Western Railway,Yeovil Junction,YVJ,50.9248143,-2.6122447
National Rail,South Western Railway,Crewkerne,CKN,50.8736126,-2.7784902
National Rail,South Western Railway,Sunningdale,SNG,51.3921459,-0.6332427
National Rail,South Western Railway,Winnersh Triangle,WTI,51.4367674,-0.8918298
National Rail,South Western Railway,Winnersh,WNS,51.4307527,-0.8779199
National Rail,South Western Railway,Egham,EGH,51.4294065,-0.5465778
National Rail,South Western Railway,Staines,SNS,51.432328,-0.5029086
National Rail,South Western Railway,Twickenham,TWI,51.4505786,-0.3288402
National Rail,South Western Railway,Datchet,DAT,51.4828971,-0.5793863
National Rail,South Western Railway,Sunnymeads,SNY,51.4699493,-0.558857
National Rail,South Western Railway,Wraysbury,WRY,51.4579278,-0.541994
National Rail,South Western Railway,Whitton,WTN,51.4494981,-0.3577822
National Rail,South Western Railway,Barnes Bridge,BNI,51.4720123,-0.2526332
National Rail,South Western Railway,Chiswick,CHK,51.4811465,-0.2681753
National Rail,South Western Railway,Kew Bridge,KWB,51.4895024,-0.287225
National Rail,South Western Railway,Brentford,BFD,51.4876569,-0.3096825
National Rail,South Western Railway,Syon Lane,SYL,51.4818147,-0.32478
National Rail,South Western Railway,Isleworth,ISL,51.4748823,-0.3368946
National Rail,South Western Railway,Hounslow,HOU,51.4620974,-0.3617294
National Rail,South Western Railway,Chertsey,CHY,51.3871309,-0.5094641
National Rail,South Western Railway,Addlestone,ASN,51.3731128,-0.4845082
National Rail,South Western Railway,Norbiton,NBT,51.4123109,-0.2840843
National Rail,South Western Railway,Teddington,TED,51.4244662,-0.3325731
National Rail,Transport for Wales,Narberth,NAR,51.7994817,-4.7270723
National Rail,Great Western Railway,Dawlish,DWL,50.5806101,-3.4644482
National Rail,South Western Railway,Fareham,FRM,50.8534057,-1.1923427
National Rail,South Western Railway,St Denys,SDN,50.9222702,-1.3878591
National Rail,South Western Railway,Millbrook,MBK,50.9114285,-1.4336981
National Rail,South Western Railway,Brockenhurst,BCU,50.816746,-1.5734094
National Rail,Govia Thameslink Railway (Southern),Burgess Hill,BUG,50.9536081,-0.1274304
National Rail,Northern Trains,Askam,ASK,54.1891252,-3.2045609
National Rail,Northern Trains,Green Road,GNR,54.2444248,-3.2454083
National Rail,Northern Trains,Millom,MLM,54.2110217,-3.2706131
National Rail,Northern Trains,Bootle,BOC,54.2911815,-3.3938356
National Rail,Northern Trains,Sellafield,SEL,54.4166451,-3.5104538
National Rail,Northern Trains,Drigg,DRI,54.3768581,-3.4435811
National Rail,Northern Trains,Braystones,BYS,54.4395084,-3.5419705
National Rail,ScotRail,Nairn,NRN,57.5802452,-3.8718304
National Rail,West Midlands Trains (West Midlands Railway),Lichfield Trent Valley,LTV,52.6868262,-1.7998262
National Rail,West Midlands Trains (West Midlands Railway),Kenilworth,KNW,52.3428426,-1.5724582
National Rail,London Southend Airport,Southend Airport,SIA,51.5699453,0.7053472
National Rail,Southeastern,Minster,MSR,51.3291668,1.3171057
National Rail,Southeastern,Westgate-on-Sea,WGA,51.3812842,1.3382306
National Rail,Northern Trains,Blackpool North,BPN,53.8229372,-3.048373
National Rail,Govia Thameslink Railway (Southern),Hackbridge,HCB,51.3780278,-0.1537197
National Rail;London Underground;London Overground,London Overground,Kensington (Olympia),KPA,51.497437,-0.2094954
National Rail;London Underground,London Underground,South Ruislip,SRU,51.5569909,-0.3990635
National Rail,Network Rail,Glasgow Central,GLC,55.8583132,-4.2584361
National Rail,ScotRail,Glasgow Queen Street,GLQ,55.8625587,-4.2511172
National Rail,London North Eastern Railway,Retford,RET,53.3139936,-0.9459845
National Rail,Chiltern Railways,Warwick Parkway,WRP,52.2860143,-1.6122733
National Rail,West Midlands Trains (West Midlands Railway),Kings Norton,KNN,52.4142407,-1.932615
London Overground,London Overground,White Hart Lane,WHL,51.6045335,-0.0709154
London Overground,London Overground,Turkey Street,TUR,51.673233,-0.0469695
London Overground,London Overground,Theobalds Grove,TEO,51.6922334,-0.0350092
London Overground,London Overground,Stamford Hill,SMH,51.5748827,-0.0762789
London Overground,London Overground,Stoke Newington,SKW,51.5650387,-0.0725478
London Overground,London Overground,Bruce Grove,BCV,51.5937114,-0.0700054
London Overground,London Overground,Rectory Road,REC,51.559112,-0.068617
National Rail,Greater Anglia,Northumberland Park,NUM,51.6019083,-0.053865
London Overground,London Overground,Clapton,CPT,51.5616517,-0.0568648
National Rail,Greater Anglia,Brimsdown,BMD,51.6555713,-0.0307915
National Rail,Greater Anglia,Enfield Lock,ENL,51.6706112,-0.0285689
National Rail,Greater Anglia,Waltham Cross,WLC,51.6847637,-0.0264754
National Rail,Greater Anglia,Broxbourne,BXB,51.7468257,-0.0106258
National Rail,Greater Anglia,Roydon,RYN,51.7754392,0.0365138
National Rail,Greater Anglia,Harlow Town,HWN,51.781293,0.0950574
National Rail,Greater Anglia,Harlow Mill,HWM,51.7904819,0.1323175
National Rail,Greater Anglia,Sawbridgeworth,SAW,51.8146205,0.16054
National Rail,Greater Anglia,Stansted Mountfitchet,SST,51.9012646,0.199248
National Rail,Greater Anglia,Elsenham,ESM,51.9206948,0.2277995
National Rail,Greater Anglia,Newport,NWE,51.9798629,0.215334
National Rail,Greater Anglia,Audley End,AUD,52.0044551,0.2071507
National Rail,Greater Anglia,Whittlesford Parkway,WLF,52.1035739,0.1657359
National Rail,Greater Anglia,Shelford,SED,52.1494347,0.1398447
National Rail,Greater Anglia,Stansted Airport,SSD,51.8892596,0.2621537
National Rail,Greater Anglia,Hertford East,HFE,51.7993962,-0.0717505
National Rail,Greater Anglia,Ware,WAR,51.8079808,-0.0287596
National Rail,Greater Anglia,St Margarets,SMT,51.7881973,0.0009329
National Rail,Greater Anglia,Rye House,RYH,51.7693606,0.0055221
Docklands Light Railway,Docklands Light Railway,Elverson Road,ZER,51.4685232,-0.0162072
Docklands Light Railway,Docklands Light Railway,Deptford Bridge,ZDP,51.4741638,-0.0223933
Docklands Light Railway,Docklands Light Railway,Crossharbour,ZCH,51.4959022,-0.0144418
Docklands Light Railway,Docklands Light Railway,South Quay,ZSQ,51.5000357,-0.0162525
Docklands Light Railway,Docklands Light Railway,King George V,ZKG,51.502006,0.0623526
Docklands Light Railway,Docklands Light Railway,Royal Victoria,ZRB,51.5091168,0.0175913
Docklands Light Railway,Docklands Light Railway,Custom House,ZCE,51.5096341,0.0259614
Docklands Light Railway,Docklands Light Railway,Prince Regent,ZPD,51.5094778,0.0331521
Docklands Light Railway,Docklands Light Railway,Royal Albert,ZRC,51.5083952,0.0458839
Docklands Light Railway,Docklands Light Railway,Gallions Reach,ZGC,51.5089622,0.0717937
Docklands Light Railway,Docklands Light Railway,Beckton,ZBV,51.5144099,0.0617936
Docklands Light Railway,Docklands Light Railway,Blackwall,ZBH,51.5079378,-0.0071843
Docklands Light Railway,Docklands Light Railway,East India,ZEI,51.5093835,-0.0021873
Docklands Light Railway,Docklands Light Railway,London City Airport,ZAF,51.5035322,0.048542
Docklands Light Railway,Docklands Light Railway,West Silvertown,ZAI,51.5028811,0.0223323
Docklands Light Railway,Docklands Light Railway,Pontoon Dock,ZAH,51.5022501,0.0332232
London Underground,London Underground,North Acton,ZNA,51.5235769,-0.2597818
National Rail,Northern Trains,Westhoughton,WHG,53.5558849,-2.523221
London Underground,London Underground,Hammersmith (District and Piccadilly lines),ZHA,51.4921603,-0.223247
National Rail,Govia Thameslink Railway (Southern),Mitcham Junction,MIJ,51.392945,-0.1577774
National Rail,Transport for Greater Manchester,Horwich Parkway,HWI,53.5779831,-2.5397317
London Underground,London Underground,Tower Hill,ZTH,51.5098481,-0.0766986
National Rail,Northern Trains,Moses Gate,MSS,53.5562667,-2.4015572
National Rail,Northern Trains,Farnworth,FNW,53.5504599,-2.3885326
National Rail,Govia Thameslink Railway (Great Northern),Bayford,BAY,51.7579011,-0.0957274
National Rail,Govia Thameslink Railway (Great Northern),Cuffley,CUF,51.7091464,-0.1097981
National Rail,Govia Thameslink Railway (Great Northern),Crews Hill,CWH,51.6847546,-0.1072214
National Rail,Govia Thameslink Railway (Great Northern),Gordon Hill,GDH,51.6629506,-0.0942203
National Rail,Govia Thameslink Railway (Great Northern),Grange Park,GPK,51.6433292,-0.0969391
National Rail,Govia Thameslink Railway (Great Northern),Palmers Green,PAL,51.6186609,-0.1101687
National Rail,Govia Thameslink Railway (Great Northern),Hornsey,HRN,51.5863215,-0.1116832
National Rail,Govia Thameslink Railway (Great Northern),Hertford North,HFN,51.7986797,-0.0922384
National Rail,Govia Thameslink Railway (Great Northern),Bowes Park,BOP,51.6071861,-0.1204848
London Underground,London Underground,Colindale,ZCD,51.5954091,-0.2499296
London Underground,London Underground,Golders Green,ZGG,51.5723003,-0.194027
London Underground,London Underground,Ruislip,ZRU,51.5714026,-0.4213375
London Underground,London Underground,Rayners Lane,ZRL,51.5752109,-0.3714658
London Underground,London Underground,Neasden,ZNN,51.5543358,-0.250749
London Underground,London Underground,Hatton Cross,ZHX,51.4665357,-0.4239942
London Underground,London Underground,Osterley,ZOY,51.4815507,-0.3518348
London Underground,London Underground,Stamford Brook,ZSF,51.4949692,-0.2458881
London Underground,London Underground,Turnham Green,ZTU,51.4951314,-0.2546948
London Underground,London Underground,Chiswick Park,ZCI,51.4945622,-0.2678739
National Rail,Northern Trains,Romiley,RML,53.4140086,-2.0893199
National Rail,Northern Trains,Bredbury,BDY,53.4230377,-2.1104918
National Rail,Northern Trains,Ashburys,ABY,53.4718438,-2.1952305
National Rail,Northern Trains,Belle Vue,BLV,53.4614732,-2.1800733
National Rail,Northern Trains,Grindleford,GRN,53.3055623,-1.6260289
National Rail,Northern Trains,Bamford,BAM,53.3391287,-1.6894024
National Rail,Northern Trains,Edale,EDL,53.3648176,-1.8172462
National Rail,Northern Trains,New Mills Central,NMC,53.3648638,-2.0055693
National Rail,Northern Trains,Strines,SRN,53.374569,-2.0333062
National Rail,Northern Trains,Marple,MPL,53.4006474,-2.0572003
National Rail,Northern Trains,Mouldsworth,MLD,53.2318152,-2.7322101
National Rail,Northern Trains,Delamere,DLM,53.2288345,-2.6665302
National Rail,Northern Trains,Cuddington,CUD,53.2399223,-2.5995386
National Rail,Northern Trains,Greenbank,GBK,53.2514201,-2.5344589
National Rail,Northern Trains,Northwich,NWI,53.2613648,-2.4968484
National Rail,Northern Trains,Plumley,PLM,53.2748823,-2.4196724
National Rail,Northern Trains,Knutsford,KNF,53.3015965,-2.3721765
National Rail,Northern Trains,Altrincham,ALT,53.3876561,-2.3470824
National Rail,Northern Trains,Hale,HAL,53.3785218,-2.3474975
London Underground,London Underground,Earl's Court,ZET,51.4916123,-0.193903
London Underground,London Underground,Becontree,ZBZ,51.5403111,0.1265241
London Underground,London Underground,Ruislip Manor,ZRM,51.5733973,-0.4117997
London Underground,London Underground,Northolt,ZNO,51.5484582,-0.3695247
London Underground,London Underground,Perivale,ZPE,51.5364952,-0.3225887
London Underground,London Underground,Theydon Bois,ZTY,51.6717759,0.1033213
London Underground,London Underground,Loughton,ZLO,51.6412266,0.0553234
London Underground,London Underground,Woodford,ZWO,51.6068074,0.0340219
London Underground,London Underground,Hanger Lane,ZHL,51.5303098,-0.2936453
London Underground,London Underground,Upminster Bridge,ZUB,51.5582655,0.2347689
London Underground,London Underground,Hornchurch,ZHU,51.5538747,0.2181092
London Underground,London Underground,Dagenham East,ZDE,51.544018,0.1649496
London Underground,London Underground,Dagenham Heathway,ZDH,51.5415534,0.1456377
London Underground,London Underground,Stanmore,ZSM,51.6188526,-0.3026271
London Underground,London Underground,Canons Park,ZCP,51.6080065,-0.2947453
London Underground,London Underground,Elm Park,ZEP,51.549579,0.1974303
London Underground,London Underground,Leyton,ZLY,51.5568183,-0.0051322
London Underground,London Underground,East Putney,ZPU,51.4586138,-0.2112429
National Rail,Northern Trains,Marsden,MSN,53.6032403,-1.9302115
National Rail,Northern Trains,Gorton,GTO,53.4689321,-2.1677485
National Rail,Northern Trains,Fairfield,FRF,53.4713232,-2.1449235
National Rail,Northern Trains,Greenfield,GNF,53.5387491,-2.0142364
London Underground,London Underground,Temple,ZTM,51.5109659,-0.1143345
London Underground;London Overground,London Overground,Walthamstow Central,WHC,51.582893,-0.0199941
National Rail;London Overground,London Overground,Anerley,ANZ,51.4125768,-0.065494
London Underground,London Underground,Alperton,ZAP,51.5408036,-0.3000963
London Underground,London Underground,Covent Garden,ZCV,51.5130942,-0.1242695
London Underground,London Underground,St. John's Wood,ZSJ,51.5353523,-0.1742097
London Underground,London Underground,East Ham,ZEH,51.5394005,0.0526042
London Underground,London Underground,Bromley-by-Bow,ZBW,51.5246287,-0.0123189
London Underground,London Underground,Canary Wharf,ZCZ,51.5035036,-0.0186272
National Rail;London Underground;London Overground,London Underground,Kensal Green,KNL,51.5306063,-0.2244449
London Underground;London Overground,London Underground,Harlesden,HDN,51.5363567,-0.257833
London Underground,London Underground,Bermondsey,ZBE,51.4977004,-0.0643453
London Underground,London Underground,Green Park,ZGE,51.5066244,-0.1429437
National Rail,Northern Trains,Heaton Chapel,HTC,53.4259927,-2.1792895
National Rail,Northern Trains,Congleton,CNG,53.1577982,-2.1924594
National Rail,Northern Trains,Prestbury,PRB,53.2931107,-2.1453161
National Rail,Northern Trains,Adlington (Cheshire),ADC,53.3197238,-2.1336443
London Underground,London Underground,Uxbridge,ZUX,51.546655,-0.4775114
London Underground,London Underground,Hillingdon,ZHD,51.5536028,-0.4504637
London Underground,London Underground,Goldhawk Road,ZGW,51.5017564,-0.2265662
London Underground,London Underground,Latimer Road,ZLR,51.5134749,-0.2177873
London Underground,London Underground,Kilburn Park,ZKP,51.5350167,-0.1938271
London Underground,London Underground,Royal Oak,ZRY,51.5190222,-0.1874439
London Underground,London Underground,Bayswater,ZBY,51.5122764,-0.1883854
London Underground,London Underground,High Street Kensington,ZHS,51.5002995,-0.1921096
London Underground,London Underground,Gloucester Road,ZGR,51.4945266,-0.1837696
London Underground,London Underground,Marble Arch,ZMA,51.513435,-0.1582531
London Underground,London Underground,Great Portland Street,ZGP,51.5238146,-0.1437048
London Underground,London Underground,Warren Street,ZWS,51.5247178,-0.1385303
London Underground,London Underground,Goodge Street,ZGS,51.5205978,-0.1343573
National Rail;London Underground;London Overground,London Underground,Highbury & Islington,HHY,51.5463679,-0.1036544
National Rail,Northern Trains,Edge Hill,EDG,53.4024926,-2.9466548
National Rail,Northern Trains,Mossley Hill,MSH,53.3785566,-2.914829
National Rail,Northern Trains,West Allerton,WSA,53.3693253,-2.9071937
National Rail,Northern Trains,Halewood,HED,53.364495,-2.830106
National Rail,Northern Trains,Hough Green,HGN,53.3725786,-2.7752696
National Rail,Northern Trains,Warrington West,WAW,53.3937436,-2.6369293
National Rail,Northern Trains,Sankey for Penketh,SNK,53.3923448,-2.6505871
National Rail,Northern Trains,Trafford Park,TRA,53.4547767,-2.3116958
National Rail,Northern Trains,Humphrey Park,HUP,53.4523337,-2.3272609
National Rail,Northern Trains,Flixton,FLI,53.4437085,-2.3839554
National Rail,Northern Trains,Chassen Road,CSR,53.4461647,-2.3678327
National Rail,Northern Trains,Urmston,URM,53.4483208,-2.3536565
National Rail,Northern Trains,Irlam,IRL,53.4342044,-2.4328454
National Rail,Northern Trains,Birchwood,BWD,53.4127822,-2.5251395
National Rail,Northern Trains,Padgate,PDG,53.4056193,-2.5569297
National Rail,Northern Trains,Warrington Central,WAC,53.3919402,-2.5924167
National Rail,London North Eastern Railway,Grantham,GRA,52.9065217,-0.6430066
National Rail,East Midlands Railway,Netherfield,NET,52.9614057,-1.0793598
National Rail,Greater Anglia,Ely,ELY,52.3906885,0.2664989
National Rail,East Midlands Railway,Barrow-upon-Soar,BWS,52.7494311,-1.1454909
National Rail,East Midlands Railway,Syston,SYS,52.6940888,-1.0825247
National Rail,East Midlands Railway,Rolleston,ROL,53.0651443,-0.9001231
National Rail,East Midlands Railway,Newark Castle,NCT,53.0802549,-0.8131753
National Rail,East Midlands Railway,Fiskerton,FSK,53.0606002,-0.9118374
National Rail,East Midlands Railway,Bleasby,BSB,53.0414796,-0.9435609
National Rail,East Midlands Railway,Thurgarton,THU,53.0289716,-0.9622591
National Rail,East Midlands Railway,Lowdham,LOW,53.0064332,-0.9982248
National Rail,East Midlands Railway,Carlton,CTO,52.9650524,-1.0787671
National Rail,East Midlands Railway,Burton Joyce,BUJ,52.9832944,-1.0412134
National Rail,East Midlands Railway,Attenborough,ATB,52.9064132,-1.2311523
National Rail,East Midlands Railway,Duffield,DFI,52.9882284,-1.4858584
National Rail,East Midlands Railway,Belper,BLP,53.0242729,-1.4825631
National Rail,East Midlands Railway,Whatstandwell,WTS,53.0834695,-1.5042939
National Rail,East Midlands Railway,Cromford,CMF,53.1129115,-1.5490661
National Rail,East Midlands Railway,Matlock,MAT,53.1381136,-1.5585511
National Rail,East Midlands Railway,Matlock Bath,MTB,53.1225529,-1.5568716
National Rail,Northern Trains,Levenshulme,LVM,53.4449044,-2.1929575
National Rail,Northern Trains,Handforth,HTH,53.346446,-2.2136737
National Rail,Northern Trains,Chelford,CEL,53.2704221,-2.2804386
National Rail,Northern Trains,Holmes Chapel,HCH,53.1992752,-2.3511004
National Rail,Northern Trains,Sandbach,SDB,53.1502448,-2.3937143
National Rail,Govia Thameslink Railway (Great Northern),Drayton Park,DYP,51.5531063,-0.1057696
London Underground,London Underground,Willesden Green,ZWG,51.5493524,-0.222223
London Underground,London Underground,Kilburn,ZKI,51.5469889,-0.2053385
London Underground,London Underground,West Acton,ZWE,51.5183524,-0.280413
National Rail;London Underground;London Overground,South Western Railway,Richmond,RMD,51.4632072,-0.3004127
London Underground;London Overground,London Underground,Gunnersbury,GUN,51.4913757,-0.2755244
London Underground;London Overground,London Underground,Stonebridge Park,SBP,51.5441099,-0.2762285
London Underground;London Overground,London Overground,Willesden Junction,WIJ,51.5321956,-0.2435041
National Rail,Northern Trains,Davenport,DVN,53.390734,-2.1521585
National Rail,Northern Trains,Woodsmoor,WSR,53.3861409,-2.1412433
National Rail,Northern Trains,Hazel Grove,HAZ,53.3774667,-2.1221506
National Rail,Northern Trains,Disley,DSL,53.3582435,-2.0426188
National Rail,Northern Trains,New Mills Newtown,NMN,53.3594641,-2.0082028
National Rail,Northern Trains,Furness Vale,FNV,53.348808,-1.9888665
National Rail,Northern Trains,Chapel-en-le-Frith,CEF,53.3120572,-1.9183726
National Rail,Northern Trains,Dove Holes,DVH,53.3001375,-1.8897118
London Underground,London Underground,Dollis Hill,ZDO,51.5519333,-0.2390026
London Underground,London Underground,Westbourne Park,ZWU,51.5209265,-0.2014098
London Overground,London Overground,South Acton,SAT,51.4997225,-0.2698979
London Underground;London Overground,London Underground,Kew Gardens,KWG,51.4771341,-0.284962
National Rail,Northern Trains,Leyland,LEY,53.6985644,-2.686555
National Rail,ScotRail,Haymarket,HYM,55.9451838,-3.2193738
National Rail,Avanti West Coast,Penrith (North Lakes),PNR,54.6619974,-2.7588031
National Rail,ScotRail,Lockerbie,LOC,55.1224062,-3.3537892
National Rail;London Underground;London Overground,c2c,Barking,BKG,51.5402677,0.0793235
London Underground,London Underground,Ladbroke Grove,ZLG,51.5172639,-0.2111019
London Underground,London Underground,Upney,ZUY,51.538266,0.099626
London Underground;London Overground,London Underground,Queen's Park,QPW,51.533873,-0.2054958
National Rail;London Underground,Greater Anglia,Tottenham Hale,TOM,51.588123,-0.0599442
London Underground,London Underground,Holland Park,ZHP,51.507192,-0.2054639
London Underground,London Underground,Euston Square,ZES,51.5256866,-0.1355703
National Rail;London Overground,London Overground,Camden Road,CMD,51.5419498,-0.1395276
National Rail,Greater Anglia,Meridian Water,MRW,51.610003,-0.0500855
National Rail,Govia Thameslink Railway (Southern),South Bermondsey,SBM,51.4879512,-0.0544564
National Rail,Great Western Railway,Oxford,OXF,51.7534512,-1.2699542
London Underground,London Underground,Wanstead,ZWN,51.575646,0.0286373
London Underground,London Underground,Queensway,ZQW,51.5104729,-0.1872329
Docklands Light Railway,Docklands Light Railway,Cutty Sark for Maritime Greenwich,ZCS,51.4817267,-0.0107517
National Rail,Greater Anglia,Witham,WTM,51.8059244,0.6394272
National Rail,c2c,Shoeburyness,SRY,51.531446,0.7945675
National Rail;Elizabeth line,Elizabeth line,Maryland,MYL,51.5461244,0.0063775
London Overground,London Overground,West Hampstead,WHD,51.5473011,-0.1920126
Docklands Light Railway,Docklands Light Railway,Tower Gateway,ZTG,51.5106288,-0.0739505
National Rail,Southeastern,Lewisham,LEW,51.4656437,-0.0139562
National Rail,Greater Thameslink Railway,West Hampstead Thameslink,WHP,51.5484242,-0.192322
National Rail,Govia Thameslink Railway (Southern),Selhurst,SRS,51.3922136,-0.0886537
National Rail;Elizabeth line,Heathrow Express,Heathrow Terminal 5,HWV,51.4722216,-0.4877251
London Overground,London Overground,Wood Street,WST,51.587041,-0.0016791
London Overground,London Overground,Headstone Lane,HDL,51.6025533,-0.3569524
London Overground,London Overground,Hatch End,HTE,51.6095781,-0.3687836
National Rail,Northern Trains,Daisy Hill,DSY,53.539359,-2.5151778
National Rail,Northern Trains,Moorside,MSD,53.5163626,-2.3527491
National Rail,Northern Trains,Walkden,WKD,53.5197861,-2.395748
National Rail,Northern Trains,Atherton,ATN,53.5290757,-2.4778339
National Rail;London Overground,London Overground,Brockley,BCY,51.4642287,-0.0376125
National Rail;Elizabeth line,Elizabeth line,Manor Park,MNP,51.5521996,0.0450354
National Rail;Elizabeth line,Elizabeth line,Forest Gate,FOG,51.549251,0.0232808
National Rail,Great Western Railway,Didcot Parkway,DID,51.6112197,-1.2425171
National Rail;Elizabeth line,Network Rail,Reading,RDG,51.4592197,-0.9723182
National Rail,Transport for Wales,Newport,NWP,51.5887675,-3.000425
National Rail,Transport for Wales,Cardiff Central,CDF,51.4755495,-3.1797057
National Rail,Great Western Railway,Bristol Parkway,BPW,51.5138815,-2.542979
National Rail,Great Western Railway,Bath Spa,BTH,51.3776019,-2.3567189
National Rail,Great Western Railway,Theale,THE,51.4333628,-1.074364
National Rail,Great Western Railway,Hungerford,HGD,51.4147137,-1.5114295
National Rail,Great Western Railway,Bedwyn,BDW,51.379545,-1.5988642
National Rail,Great Western Railway,St Erth,SER,50.1705718,-5.4439212
National Rail,Great Western Railway,Camborne,CBN,50.2102433,-5.2977246
National Rail,Great Western Railway,Redruth,RED,50.2331289,-5.2258998
National Rail,Great Western Railway,St Austell,SAU,50.3395984,-4.7893307
National Rail,Great Western Railway,Par,PAR,50.3557151,-4.7046126
National Rail,Great Western Railway,Lostwithiel,LOS,50.4071311,-4.6660608
National Rail,Great Western Railway,Bodmin Parkway,BOD,50.4460054,-4.6627595
National Rail,Great Western Railway,Liskeard,LSK,50.4468194,-4.4695293
National Rail,Great Western Railway,Totnes,TOT,50.4359143,-3.6887478
National Rail,Great Western Railway,Newton Abbot,NTA,50.5301513,-3.5992265
National Rail,Great Western Railway,Tiverton Parkway,TVP,50.9170751,-3.3597427
National Rail,Great Western Railway,Frome,FRO,51.2272327,-2.3100294
National Rail,Great Western Railway,Pewsey,PEW,51.3422347,-1.7706911
National Rail,Great Western Railway,Westbury,WSB,51.2663283,-2.1997296
National Rail,Great Western Railway,Reading West,RDW,51.4546483,-0.9907169
National Rail,Great Western Railway,Thatcham,THA,51.3938591,-1.2427417
National Rail,Great Western Railway,Kintbury,KIT,51.4026132,-1.4457051
National Rail,West Midlands Trains (West Midlands Railway),Colwall,CWL,52.0798427,-2.3567991
National Rail,West Midlands Trains (West Midlands Railway),Ledbury,LED,52.0452528,-2.4256108
National Rail,Great Western Railway,Pershore,PSH,52.1307399,-2.0723991
National Rail,Great Western Railway,Charlbury,CBY,51.8723271,-1.4897686
National Rail,West Midlands Trains (West Midlands Railway),Great Malvern,GMV,52.1093038,-2.3181313
National Rail,West Midlands Trains (West Midlands Railway),Worcester Shrub Hill,WOS,52.1950309,-2.2093282
National Rail,Great Western Railway,Moreton-in-Marsh,MIM,51.9921819,-1.7002657
National Rail,Great Western Railway,Evesham,EVE,52.0984969,-1.9472858
National Rail,Great Western Railway,Honeybourne,HYB,52.1016406,-1.8336821
National Rail,Great Western Railway,Kingham,KGM,51.9024116,-1.628532
National Rail,Great Western Railway,Hanborough,HND,51.8247081,-1.3726319
National Rail,Govia Thameslink Railway (Southern),Epsom,EPS,51.3343527,-0.2695495
National Rail,Chiltern Railways,Banbury,BAN,52.0605712,-1.3277563
National Rail,Chiltern Railways,Leamington Spa,LMS,52.28461,-1.5358026
National Rail,South Western Railway,Winchester,WIN,51.0672545,-1.3200089
National Rail,South Western Railway,Southampton Airport Parkway,SOA,50.9506997,-1.3629471
National Rail,South Western Railway,Bournemouth,BMH,50.7272094,-1.8641943
National Rail;West Midlands Metro,West Midlands Trains (West Midlands Railway),Wolverhampton,WVH,52.5879884,-2.120242
National Rail,West Midlands Trains (West Midlands Railway),Coleshill Parkway,CEH,52.5165155,-1.7077717
National Rail,East Midlands Railway,Oakham,OKM,52.6722903,-0.7343447
National Rail,East Midlands Railway,Willington,WIL,52.8533792,-1.5641036
National Rail,West Midlands Trains (West Midlands Railway),University,UNI,52.4515924,-1.9362273
National Rail,Great Western Railway,Gloucester,GCR,51.8655012,-2.2382911
National Rail,East Midlands Railway,Burton-on-Trent,BUT,52.8058728,-1.6424988
National Rail;Elizabeth line,Heathrow Express,Heathrow Terminals 2 & 3,HXX,51.4719282,-0.4543118
National Rail,Govia Thameslink Railway (Southern),Tattenham Corner,TAT,51.308624,-0.2421857
National Rail,South Western Railway,Ewell West,EWW,51.3501115,-0.257131
National Rail,TransPennine Express,Middlesbrough,MBR,54.5791464,-1.2345092
National Rail,Northern Trains,Hartlepool,HPL,54.6868261,-1.207832
National Rail,TransPennine Express,Manchester Airport,MIA,53.365183,-2.2720385
London Overground,London Overground,Carpenders Park,CPK,51.6279135,-0.3855109
National Rail,West Midlands Trains (London Northwestern Railway),Leighton Buzzard,LBZ,51.9161989,-0.6773449
National Rail,West Midlands Trains (West Midlands Railway),Northfield,NFD,52.4082951,-1.9651246
National Rail,Avanti West Coast,Coventry,COV,52.400739,-1.5135474
National Rail,South Western Railway,Chandler's Ford,CFR,50.9834549,-1.3848946
National Rail,HS1,Ebbsfleet International,EBD,51.4435253,0.3213747
National Rail,Avanti West Coast,Preston,PRE,53.7552898,-2.7071573
National Rail,Southeastern,Gillingham,GLM,51.3868466,0.5514468
National Rail,West Midlands Trains (London Northwestern Railway),Hartford,HTF,53.241569,-2.553519
National Rail,Southeastern,Shortlands,SRT,51.4059051,0.0021679
National Rail,Southeastern,Beltring,BEG,51.2044888,0.4033437
National Rail,Southeastern,Yalding,YAL,51.2266654,0.4121616
National Rail,Southeastern,Wateringbury,WTR,51.2496596,0.4222989
National Rail,Southeastern,East Farleigh,EFL,51.2552513,0.4844783
National Rail,Southeastern,Maidstone West,MDW,51.2703088,0.5157564
National Rail,Southeastern,Maidstone Barracks,MDB,51.2770433,0.5141731
National Rail,Southeastern,Aylesford,AYL,51.3015328,0.4657666
National Rail,Southeastern,New Hythe,NHE,51.3128389,0.4551387
National Rail,Southeastern,Snodland,SDA,51.3302228,0.4484399
National Rail,Southeastern,Halling,HAI,51.3523741,0.4451218
National Rail,Southeastern,Cuxton,CUX,51.373911,0.461982
National Rail,Southeastern,Strood,SOO,51.3965972,0.5002689
National Rail,Southeastern,Dover Priory,DVP,51.1259357,1.3048692
National Rail,Southeastern,Sturry,STU,51.300986,1.1222644
National Rail,Southeastern,Chartham,CRT,51.2571747,1.0179051
National Rail,Southeastern,Chilham,CIL,51.2444245,0.9760562
National Rail,Southeastern,Westenhanger,WHA,51.0949221,1.0382037
National Rail,Southeastern,Sandling,SDG,51.0904998,1.0660027
National Rail,Southeastern,Folkestone Central,FKC,51.0828121,1.1683853
National Rail,Southeastern,Folkestone West,FKW,51.0847184,1.1537821
National Rail,Southeastern,Paddock Wood,PDW,51.1823581,0.3894941
National Rail,Southeastern,Pluckley,PLC,51.1564849,0.7465822
National Rail,Southeastern,Headcorn,HCN,51.1656292,0.6273669
National Rail,Southeastern,Staplehurst,SPU,51.1715258,0.5504987
National Rail,Southeastern,Marden,MRN,51.1754411,0.4929884
National Rail,Southeastern,Tonbridge,TON,51.1915091,0.2699969
National Rail,Southeastern,Swanley,SAY,51.3930961,0.1678721
National Rail,Southeastern,Adisham,ADM,51.2413424,1.1987288
National Rail,Southeastern,Bekesbourne,BKS,51.2614031,1.1372301
National Rail,Southeastern,Canterbury East,CBE,51.274185,1.07582
National Rail,Southeastern,Sole Street,SOR,51.383247,0.3781687
National Rail,Southeastern,Meopham,MEP,51.3864534,0.3566218
National Rail,Southeastern,Longfield,LGF,51.3962097,0.300103
National Rail,Southeastern,West Dulwich,WDU,51.4402849,-0.0908906
National Rail,Southeastern,Sydenham Hill,SYH,51.4326101,-0.0801504
National Rail,Southeastern,Penge East,PNE,51.4193151,-0.0541364
National Rail,Southeastern,Kent House,KTH,51.4122745,-0.045213
National Rail,Southeastern,Beckenham Junction,BKJ,51.4110623,-0.0259866
National Rail,Southeastern,Bickley,BKL,51.4000641,0.0443369
National Rail,Southeastern,Bromley South,BMS,51.4000405,0.0182769
National Rail,Southeastern,Selling,SEG,51.2772848,0.9411453
National Rail,Southeastern,Teynham,TEY,51.3336038,0.8070514
National Rail,Southeastern,Newington,NGT,51.3535668,0.6667851
National Rail,Southeastern,Rainham,RAI,51.3666656,0.6110362
National Rail,Southeastern,Chatham,CTM,51.3803092,0.5212081
National Rail,Southeastern,Rochester,RTR,51.3892066,0.5072941
National Rail,Southeastern,Martin Mill,MTM,51.1706421,1.3479881
National Rail,Southeastern,Deal,DEA,51.2231068,1.3986457
National Rail,Southeastern,Sandwich,SDW,51.2699732,1.3422299
National Rail,Southeastern,Gravesend,GRV,51.4413627,0.3668306
National Rail,Southeastern,Bearsted,BSD,51.2759153,0.577672
National Rail,Southeastern,Hollingbourne,HBN,51.2653803,0.6278176
National Rail,Southeastern,Harrietsham,HRM,51.2449353,0.6726551
National Rail,Southeastern,Lenham,LEN,51.2344619,0.7072408
National Rail,Southeastern,Charing,CHG,51.2082021,0.7898686
National Rail,Southeastern,Shoreham,SEH,51.3321241,0.1887766
National Rail,Southeastern,Kemsing,KMS,51.2972539,0.2474224
National Rail,Southeastern,Borough Green & Wrotham,BRG,51.2931422,0.3061936
National Rail,Southeastern,East Malling,EML,51.2856713,0.4403595
National Rail,Southeastern,Barming,BMG,51.2848536,0.4792926
National Rail,Southeastern,Maidstone East,MDE,51.2776262,0.5199007
National Rail,Southeastern,Farningham Road,FNR,51.4016801,0.235341
National Rail,Greater Thameslink Railway,Nunhead,NHD,51.4668348,-0.0523755
National Rail,Greater Thameslink Railway,Crofton Park,CFT,51.4552149,-0.0366299
National Rail,Greater Thameslink Railway,Bellingham,BGM,51.4328307,-0.0195194
National Rail,Greater Thameslink Railway,Beckenham Hill,BEC,51.4245222,-0.0159101
National Rail,Transport for Wales,Hereford,HFD,52.0611986,-2.7081221
National Rail,Greater Thameslink Railway,Ravensbourne,RVB,51.4143132,-0.0076295
National Rail,Greater Thameslink Railway,Loughborough Junction,LGJ,51.4662551,-0.1021612
National Rail,Northern Trains,Kirkby Stephen,KSW,54.4549076,-2.368703
National Rail,Avanti West Coast,Birmingham International,BHI,52.450776,-1.7253182
National Rail,Greater Anglia,Brandon,BND,52.4538785,0.624439
National Rail,Greater Anglia,Thetford,TTF,52.4191556,0.7452832
National Rail,Greater Anglia,Eccles Road,ECS,52.4712952,0.9699936
National Rail,Greater Anglia,Attleborough,ATL,52.5144296,1.0222067
National Rail,Greater Anglia,Wymondham,WMD,52.5653515,1.1181355
London Overground,London Overground,Upper Holloway,UHL,51.563474,-0.1296473
London Overground,London Overground,Crouch Hill,CRH,51.571431,-0.1168739
National Rail,c2c,Laindon,LAI,51.5675954,0.4237157
National Rail,c2c,Benfleet,BEF,51.5441005,0.5616239
National Rail,c2c,Southend East,SOE,51.5389057,0.73149
National Rail,c2c,Thorpe Bay,TPB,51.5376596,0.7619363
National Rail,c2c,Southend Central,SOC,51.5373587,0.7116503
National Rail,c2c,Chalkwell,CHW,51.5386117,0.6698419
National Rail,c2c,Leigh-on-Sea,LES,51.5412111,0.6394573
National Rail,c2c,Pitsea,PSE,51.5602396,0.5079761
National Rail,c2c,Grays,GRY,51.4763744,0.321892
National Rail,c2c,Stanford-le-Hope,SFO,51.5141935,0.4229093
National Rail,c2c,East Tilbury,ETL,51.4844914,0.4127329
National Rail,c2c,Dagenham Dock,DDK,51.5261927,0.1454324
National Rail,c2c,Rainham,RNM,51.5167202,0.1906219
National Rail,c2c,Chafford Hundred Lakeside,CFH,51.4855963,0.2874684
National Rail,c2c,Ockendon,OCK,51.5214457,0.2902394
National Rail,Govia Thameslink Railway (Great Northern),Enfield Chase,ENC,51.6526384,-0.0908639
National Rail,Northern Trains,Pegswood,PEG,55.1783232,-1.6437205
National Rail,Southeastern,Dumpton Park,DMP,51.3458538,1.4252755
National Rail,Southeastern,Broadstairs,BSR,51.360737,1.4334122
National Rail,Southeastern,Birchington-on-Sea,BCH,51.3775024,1.3009038
National Rail,Southeastern,Herne Bay,HNB,51.3644375,1.1183071
National Rail,Southeastern,Aylesham,AYH,51.2274229,1.2095904
National Rail,Southeastern,Snowdown,SWO,51.2151504,1.213737
National Rail,Southeastern,Shepherdswell,SPH,51.1880383,1.2297861
National Rail,Southeastern,Kearsney,KSN,51.1493094,1.2719132
National Rail,Govia Thameslink Railway (Southern),Appledore,APD,51.0332869,0.8165763
National Rail,Govia Thameslink Railway (Southern),Winchelsea,WSE,50.9339128,0.7025193
National Rail,Govia Thameslink Railway (Southern),Three Oaks,TOK,50.9009617,0.6132177
National Rail,Govia Thameslink Railway (Southern),Ore,ORE,50.8668638,0.5916327
National Rail,Southeastern,St Leonards Warrior Square,SLQ,50.8557579,0.5605979
National Rail,Govia Thameslink Railway (Southern),Bexhill,BEX,50.840942,0.4757302
National Rail,Govia Thameslink Railway (Southern),Collington,CLL,50.8392876,0.4571842
National Rail,Govia Thameslink Railway (Southern),Cooden Beach,COB,50.8333713,0.4267026
National Rail,Govia Thameslink Railway (Southern),Normans Bay,NSB,50.8260497,0.3895764
National Rail,Govia Thameslink Railway (Southern),Pevensey Bay,PEB,50.8176698,0.3431985
National Rail,Govia Thameslink Railway (Southern),Pevensey and Westham,PEV,50.8157704,0.3253781
National Rail,Govia Thameslink Railway (Southern),Southease,SEE,50.83111,0.0306729
National Rail,Govia Thameslink Railway (Southern),Bishopstone,BIP,50.7799859,0.0826201
National Rail,Govia Thameslink Railway (Southern),Newhaven Harbour,NVH,50.7898002,0.0551622
National Rail,Govia Thameslink Railway (Southern),Newhaven Town,NVN,50.7949162,0.0551243
National Rail,Govia Thameslink Railway (Southern),London Road (Brighton),LRB,50.83681,-0.1362631
National Rail,Govia Thameslink Railway (Southern),Moulsecoomb,MCB,50.8465383,-0.1190654
National Rail,Govia Thameslink Railway (Southern),Falmer,FMR,50.8619409,-0.0872899
National Rail,Govia Thameslink Railway (Southern),Glynde,GLY,50.8591176,0.0703481
National Rail,Govia Thameslink Railway (Southern),Berwick,BRK,50.8404862,0.1657244
National Rail,Govia Thameslink Railway (Southern),Polegate,PLG,50.8211277,0.2467483
National Rail,Govia Thameslink Railway (Southern),Eastbourne,EBN,50.7694433,0.2811975
National Rail,Govia Thameslink Railway (Southern),Hampden Park,HMD,50.7959254,0.2796796
National Rail,Govia Thameslink Railway (Southern),Plumpton,PMP,50.9284626,-0.0598099
National Rail,Govia Thameslink Railway (Southern),Cooksbridge,CBR,50.9037132,-0.0093086
National Rail,Govia Thameslink Railway (Southern),Wivelsfield,WVF,50.9643606,-0.1207209
National Rail,Govia Thameslink Railway (Southern),Haywards Heath,HHE,51.0049043,-0.1053994
National Rail,ScotRail,Glenfinnan,GLF,56.872438,-5.4493089
National Rail,ScotRail,Crianlarich,CNR,56.3903333,-4.6184447
National Rail,ScotRail,Taynuilt,TAY,56.4308516,-5.2398162
National Rail,ScotRail,Oban,OBN,56.4122069,-5.4745782
National Rail,ScotRail,Upper Tyndrum,UTY,56.4348066,-4.7039393
National Rail,ScotRail,Corrour,CRR,56.760277,-4.6907677
National Rail,ScotRail,Bridge of Orchy,BRO,56.5163947,-4.7643193
National Rail,Greater Thameslink Railway,Luton Airport Parkway,LTN,51.872845,-0.3961244
National Rail,Greater Thameslink Railway,St Albans City,SAC,51.7504966,-0.3276687
National Rail,Govia Thameslink Railway (Great Northern),Welwyn North,WLW,51.8237723,-0.192134
National Rail,ScotRail,Ardlui,AUI,56.3018438,-4.7216053
National Rail,ScotRail,Garelochhead,GCH,56.0802337,-4.8253592
National Rail,ScotRail,Arrochar and Tarbet,ART,56.2033029,-4.7231172
London Overground,London Overground,Gospel Oak,GPO,51.5554865,-0.151577
London Overground,London Overground,Woodgrange Park,WGR,51.549168,0.0447283
London Underground,London Underground,Regent's Park,ZRP,51.5236277,-0.1466357
London Underground,London Underground,Maida Vale,ZMV,51.5298672,-0.1857447
National Rail,West Midlands Trains (London Northwestern Railway),Rugeley Trent Valley,RGL,52.7696788,-1.9299278
National Rail,West Midlands Trains (London Northwestern Railway),Nuneaton,NUN,52.5267605,-1.4641837
National Rail,HS1,Stratford International,SFA,51.5447954,-0.0087494
National Rail,TransPennine Express,Northallerton,NTR,54.3324731,-1.441378
London Underground,London Underground,Wood Green,ZWD,51.597416,-0.1097795
London Underground,London Underground,Manor House,ZMR,51.5703208,-0.0963971
National Rail,Network Rail,Birmingham New Street,BHM,52.4776459,-1.898694
National Rail,ScotRail,Blair Atholl,BLA,56.7652712,-3.8497055
National Rail,ScotRail,Dunkeld and Birnam,DKD,56.5565771,-3.5775146
National Rail,ScotRail,Dalwhinnie,DLW,56.9351529,-4.2462331
National Rail,ScotRail,Pitlochry,PIT,56.7023642,-3.73564
National Rail,ScotRail,Aviemore,AVM,57.188278,-3.8288803
National Rail,Govia Thameslink Railway (Southern),Carshalton Beeches,CSB,51.3571959,-0.1693507
National Rail,Govia Thameslink Railway (Southern),Wallington,WLT,51.3602348,-0.1505899
National Rail,Govia Thameslink Railway (Southern),Purley Oaks,PUO,51.3470347,-0.0987108
National Rail,Govia Thameslink Railway (Southern),Leigh,LIH,51.1939929,0.2112588
National Rail,Govia Thameslink Railway (Southern),Edenbridge,EBR,51.2083661,0.0598637
National Rail,Govia Thameslink Railway (Southern),Godstone,GDN,51.2181855,-0.0514363
National Rail,Govia Thameslink Railway (Southern),Nutfield,NUF,51.2267445,-0.1322636
National Rail,Govia Thameslink Railway (Southern),Belmont,BLM,51.3438964,-0.1987852
National Rail,Govia Thameslink Railway (Southern),Streatham Common,SRC,51.4185662,-0.1359263
National Rail,Govia Thameslink Railway (Southern),Norbury,NRB,51.4113697,-0.1218018
National Rail,Govia Thameslink Railway (Southern),Thornton Heath,TTH,51.3989438,-0.1005158
National Rail,Southeastern,Lee,LEE,51.449689,0.0143728
National Rail,Southeastern,Mottingham,MTG,51.4402515,0.0499618
National Rail,Southeastern,New Eltham,NEH,51.4380136,0.0709469
National Rail,Southeastern,Sidcup,SID,51.4340208,0.1034297
National Rail,Southeastern,Crayford,CRY,51.448177,0.1783894
National Rail,Southeastern,Albany Park,AYP,51.4353837,0.1259653
National Rail,Southeastern,Northfleet,NFL,51.4459453,0.3239669
National Rail,Southeastern,Swanscombe,SWM,51.4489829,0.311584
National Rail,Southeastern,Greenhithe,GNH,51.4504764,0.2798724
National Rail,Southeastern,Stone Crossing,SCG,51.4514164,0.2634425
London Underground,London Underground,Borough,ZBU,51.5011444,-0.0932926
National Rail,Greater Thameslink Railway,Harpenden,HPD,51.8148177,-0.3515572
London Overground,London Overground,Bethnal Green,BET,51.5238872,-0.059592
London Overground,London Overground,Enfield Town,ENF,51.6517212,-0.0786732
National Rail,Southeastern,West Malling,WMA,51.2920962,0.4186871
London Overground,London Overground,Finchley Road & Frognal,FNY,51.5501132,-0.1835843
National Rail,Greater Anglia,March,MCH,52.5600848,0.0913188
National Rail,Great Western Railway,Penzance,PNZ,50.1224396,-5.5320276
National Rail,Transport for Wales,Swansea,SWA,51.6256789,-3.9403729
National Rail,Transport for Wales,Merthyr Tydfil,MER,51.7444793,-3.3773565
National Rail,Great Western Railway,Barnstaple,BNP,51.0736094,-4.0630236
National Rail,Transport for Wales,Pontypridd,PPD,51.5992956,-3.3418374
National Rail;Elizabeth line,Elizabeth line,Gidea Park,GDP,51.581785,0.2057283
London Overground,London Overground,Emerson Park,EMP,51.5686007,0.2202375
National Rail,c2c,Purfleet,PFL,51.4810858,0.2369945
Docklands Light Railway,Docklands Light Railway,Pudding Mill Lane,ZPM,51.5338301,-0.0135365
National Rail,Transport for Wales,Ffairfach,FFA,51.8730081,-3.9927793
National Rail,Transport for Wales,Llandybie,LLI,51.8209328,-4.0037378
National Rail,Transport for Wales,Llandeilo,LLL,51.8851723,-3.9868387
National Rail,Transport for Wales,Llanwrda,LNR,51.9626513,-3.8721201
National Rail,Transport for Wales,Ammanford,AMF,51.7955509,-3.996828
National Rail,Transport for Wales,Pantyffynnon,PTF,51.7786637,-3.997538
National Rail,Transport for Wales,Pontarddulais,PTD,51.7170446,-4.045435
National Rail,Transport for Wales,Bynea,BYE,51.6722799,-4.0987158
National Rail,Transport for Wales,Llangammarch,LLM,52.1142069,-3.5551178
National Rail,Transport for Wales,Cilmeri,CIM,52.1504164,-3.4567317
National Rail,Transport for Wales,Llandrindod,LLO,52.242258,-3.3794358
National Rail,Transport for Wales,Dolau,DOL,52.2949972,-3.2633324
National Rail,Transport for Wales,Gowerton,GWN,51.6489264,-4.0356664
National Rail,Transport for Wales,Broome,BME,52.4231523,-2.8844821
National Rail,Transport for Wales,Llangadog,LLG,51.9402678,-3.8931979
National Rail,Transport for Wales,Garth,GTH,52.1333876,-3.5301867
National Rail,Transport for Wales,Builth Road,BHR,52.1691098,-3.4271436
National Rail,Transport for Wales,Pen-y-bont,PNY,52.2743417,-3.3215797
National Rail,Transport for Wales,Llangynllo,LGO,52.3501452,-3.1615439
National Rail,Transport for Wales,Hopton Heath,HPT,52.391361,-2.9120277
National Rail,Transport for Wales,Llandovery,LLV,51.9953596,-3.8029237
National Rail,Transport for Wales,Llanbister Road,LLT,52.3363191,-3.2131872
National Rail,Transport for Wales,Bucknell,BUK,52.3572768,-2.947694
National Rail,Transport for Wales,Craven Arms,CRV,52.4424204,-2.8376284
National Rail,Transport for Wales,Sugar Loaf,SUG,52.0820713,-3.685776
National Rail,Transport for Wales,Llangennech,LLH,51.6913467,-4.07874
National Rail,Network Rail,Liverpool Lime Street,LIV,53.4076085,-2.9775854
National Rail,ScotRail,Perth,PTH,56.3914751,-3.4383963
National Rail,Govia Thameslink Railway (Great Northern),Watlington,WTG,52.6728741,0.3831294
National Rail,Govia Thameslink Railway (Great Northern),King's Lynn,KLN,52.7538147,0.4040158
London Overground,London Overground,Hampstead Heath,HDH,51.5552396,-0.1653912
London Overground,London Overground,Dalston Kingsland,DLK,51.5481908,-0.0760535
National Rail;London Overground,Govia Thameslink Railway (Southern),Peckham Rye,PMR,51.4700059,-0.0694125
National Rail;London Overground,London Overground,Shepherd's Bush,SPB,51.5057781,-0.2179221
London Overground,London Overground,Shoreditch High Street,SDC,51.5232534,-0.0744674
London Overground,London Overground,Kilburn High Road,KBN,51.5377475,-0.1913533
London Overground,London Overground,Harringay Green Lanes,HRY,51.5772398,-0.097888
London Overground,London Overground,Kentish Town West,KTW,51.5469937,-0.1467554
London Overground,London Overground,Silver Street,SLV,51.6152781,-0.0669005
London Overground,London Overground,Caledonian Road & Barnsbury,CIR,51.5435462,-0.1148864
London Overground,London Overground,Leyton Midland Road,LEM,51.5694523,-0.0070876
London Overground,London Overground,Chingford,CHI,51.6325345,0.009471
London Overground,London Overground,Highams Park,HIP,51.6088927,-0.0001301
London Overground,London Overground,Cambridge Heath,CBH,51.5319544,-0.0574215
London Overground,London Overground,Hackney Central,HKC,51.5470605,-0.0568749
National Rail,East Midlands Railway,Radcliffe,RDF,52.9487898,-1.0369716
National Rail,ScotRail,Robroyston,RRN,55.886885,-4.1743912
National Rail;Elizabeth line,Great Western Railway,Slough,SLO,51.512103,-0.591276
National Rail,Northern Trains,Outwood,OUT,53.7152957,-1.5104273
National Rail;Elizabeth line,Elizabeth line,Brentwood,BRE,51.6135231,0.3006105
Docklands Light Railway,Docklands Light Railway,Heron Quays,ZHQ,51.5029301,-0.0215033
National Rail;Elizabeth line,Elizabeth line,Harold Wood,HRO,51.5932171,0.2341995
Docklands Light Railway,Docklands Light Railway,Woolwich Arsenal DLR,ZAJ,51.4901052,0.0695827
Docklands Light Railway,Docklands Light Railway,Westferry,ZWF,51.5094025,-0.026644
Docklands Light Railway,Docklands Light Railway,Island Gardens,ZIG,51.4880683,-0.0105052
National Rail\;Elizabeth line,Network Rail,London Paddington,PAD,51.5170952,-0.177317
National Rail,Transport for Wales,Yorton,YRT,52.8090881,-2.7363694
National Rail,West Midlands Trains (London Northwestern Railway),Bletchley,BLY,51.9954534,-0.7363
National Rail,Network Rail,Charing Cross,CHX,51.5074975,-0.1236888
National Rail,Govia Thameslink Railway (Great Northern),Stevenage,SVG,51.9018356,-0.207144
National Rail,South Western Railway (Island Line),Shanklin,SHN,50.6338793,-1.1799202
National Rail,Merseyrail,Liverpool South Parkway,LPY,53.3576179,-2.8892004
National Rail,South Western Railway (Island Line),Sandown,SAN,50.6570273,-1.1622459
National Rail,Great Western Railway,Chippenham,CPM,51.4623678,-2.1158799
National Rail,Avanti West Coast,Stafford,STA,52.8035815,-2.1226262
National Rail,Govia Thameslink Railway (Great Northern),Potters Bar,PBR,51.6975545,-0.193118
National Rail,Greater Anglia,Southend Victoria,SOV,51.5429361,0.7114814
National Rail,c2c,Westcliff,WCF,51.5374449,0.6915156
National Rail,ScotRail,Muirend,MUI,55.8101131,-4.2738113
National Rail,Merseyrail,Liverpool James Street,LVJ,53.4050028,-2.9922097
National Rail,East Midlands Railway,Mansfield,MFT,53.142079,-1.1985012
National Rail,East Midlands Railway,Alfreton,ALF,53.1010582,-1.3698401
National Rail,Govia Thameslink Railway (Great Northern),Winchmore Hill,WIH,51.6340675,-0.1009414
National Rail;Elizabeth line,Elizabeth line,Chadwell Heath,CTH,51.5679857,0.127994
National Rail;Elizabeth line,Elizabeth line,West Ealing,WEA,51.5135365,-0.3206893
National Rail;Elizabeth line,Elizabeth line,Hayes and Harlington,HAY,51.5029246,-0.4191564
National Rail;Elizabeth line,Elizabeth line,Southall,STL,51.5060205,-0.3775015
Elizabeth line,Elizabeth line,Hanwell,HAN,51.5118253,-0.3381509
National Rail;Elizabeth line,Elizabeth line,Goodmayes,GMY,51.565803,0.1119305
National Rail;Elizabeth line,Elizabeth line,Acton Main Line,AML,51.5169789,-0.2679825
London Overground,London Overground,Brondesbury,BSY,51.5450493,-0.2025961
Docklands Light Railway,Docklands Light Railway,Star Lane,ZCJ,51.5205083,0.0043357
London Overground,London Overground,Kensal Rise,KNR,51.534447,-0.2202239
National Rail;London Overground,London Overground,Hackney Downs,HAC,51.5486455,-0.060686
London Overground,London Overground,Homerton,HMN,51.5470789,-0.043121
London Overground,London Overground,Canonbury,CNN,51.5485632,-0.0930239
London Overground,London Overground,Southbury,SBU,51.6480314,-0.0526302
London Overground,London Overground,Brondesbury Park,BSP,51.5405138,-0.2103359
London Overground,London Overground,South Tottenham,STO,51.5804433,-0.0717169
London Overground,London Overground,St James Street,SJS,51.5811716,-0.0322047
London Overground,London Overground,Hackney Wick,HKW,51.5434383,-0.0241542
London Overground,London Overground,Bush Hill Park,BHK,51.641707,-0.0693944
London Overground,London Overground,London Fields,LOF,51.5410518,-0.0577737
London Overground,London Overground,South Hampstead,SOH,51.5414337,-0.1788007
Docklands Light Railway,Docklands Light Railway,Devons Road,ZDR,51.5222078,-0.0172729
Docklands Light Railway,Docklands Light Railway,Poplar,ZPL,51.5077131,-0.0172859
Docklands Light Railway,Docklands Light Railway,Langdon Park,ZLP,51.5152051,-0.0141164
National Rail,ScotRail,Morar,MRR,56.9689555,-5.8220885
National Rail,ScotRail,Singer,SIN,55.9074847,-4.4054997
National Rail,ScotRail,Mallaig,MLG,57.0055416,-5.8302296
National Rail,ScotRail,Charing Cross (Glasgow),CHC,55.8646397,-4.2695777
National Rail,ScotRail,Bridgeton,BDG,55.8483262,-4.2248178
National Rail,ScotRail,Aberdeen,ABD,57.1426487,-2.0976346
National Rail,ScotRail,Drumry,DMY,55.904597,-4.3854827
National Rail,London North Eastern Railway,Darlington,DAR,54.5206617,-1.5466911
National Rail,Northern Trains,Meadowhall Interchange,MHS,53.4171124,-1.4141302
National Rail,Merseyrail,Ormskirk,OMS,53.5695845,-2.8809051
National Rail,Network Rail,Edinburgh Waverley,EDB,55.9519018,-3.1904199
National Rail,Merseyrail,Moorfields,MRF,53.4085494,-2.9892356
National Rail,East Midlands Railway,Market Harborough,MHR,52.4802412,-0.9091337
National Rail,South Western Railway,Earley,EAR,51.4410298,-0.9177114
National Rail,East Midlands Railway,Kidsgrove,KDG,53.0864206,-2.244923
National Rail,West Midlands Trains (London Northwestern Railway),Tamworth,TAM,52.6374678,-1.6865886
National Rail,Chiltern Railways,Princes Risborough,PRR,51.7180454,-0.8440858
National Rail,Chiltern Railways,Aylesbury,AYS,51.8134286,-0.8143149
National Rail,Northern Trains,Poynton,PYT,53.3505513,-2.134793
National Rail,Transport for Wales,Holyhead,HHD,53.3073739,-4.6312147
National Rail,Avanti West Coast,Stoke-on-Trent,SOT,53.0079887,-2.1810781
National Rail,Transport for Wales,Abergavenny,AGV,51.8174352,-3.0090126
National Rail,Avanti West Coast,Macclesfield,MAC,53.2593665,-2.1219368
National Rail,Great Western Railway,Warminster,WMN,51.2069721,-2.1769016
National Rail,Great Western Railway,Cheltenham Spa,CNM,51.8969882,-2.1001222
National Rail,Transport for Wales,Leominster,LEO,52.2258095,-2.7304447
National Rail,West Midlands Trains (London Northwestern Railway),Wolverton,WOL,52.065978,-0.8047602
National Rail,Merseyrail,Port Sunlight,PSL,53.3484812,-2.9982505
National Rail,East Midlands Railway,Chesterfield,CHD,53.2382236,-1.4197283
National Rail,Northern Trains,Glazebrook,GLZ,53.4282913,-2.4599923
National Rail,Great Western Railway,Henley-on-Thames,HOT,51.5338451,-0.899422
National Rail,Transport for Wales,Wrexham Central,WXC,53.0463361,-2.9996254
National Rail,Northern Trains,Whaley Bridge,WBR,53.3302649,-1.9847378
National Rail,Merseyrail,Liverpool Central,LVC,53.4042207,-2.9795092
National Rail,Merseyrail,Sandhills,SDL,53.4295369,-2.9920015
National Rail,East Midlands Railway,Corby,COR,52.4888488,-0.6883829
National Rail,Northern Trains,Windermere,WDM,54.3794896,-2.9033054
National Rail,East Midlands Railway,Swineshead,SWE,52.9697297,-0.1867064
National Rail,TransPennine Express,Cleethorpes,CLE,53.562825,-0.0300969
National Rail,London North Eastern Railway,Doncaster,DON,53.5219538,-1.1399149
National Rail,TransPennine Express,Grimsby Town,GMB,53.5634567,-0.0868507
National Rail,Northern Trains,Workington,WKG,54.6449643,-3.558903
National Rail,East Midlands Railway,Spalding,SPA,52.7887647,-0.1571731
National Rail,East Midlands Railway,Market Rasen,MKR,53.3840114,-0.3368448
National Rail,East Midlands Railway,Saxilby,SXY,53.267314,-0.6645836
National Rail,Northern Trains,Salford Crescent,SLD,53.4862309,-2.275711
National Rail,Network Rail,Leeds,LDS,53.794414,-1.548621
National Rail,TransPennine Express,Scunthorpe,SCU,53.5861008,-0.6515681
National Rail,London North Eastern Railway,Wakefield Westgate,WKF,53.6822118,-1.5055805
National Rail,Greater Anglia,Norwich,NRW,52.626307,1.3076876
National Rail,Chiltern Railways,High Wycombe,HWY,51.6293727,-0.7445773
National Rail,South Western Railway,Frimley,FML,51.311784,-0.7470853
National Rail,South Western Railway,Putney,PUT,51.4609339,-0.2153478
National Rail,Govia Thameslink Railway (Great Northern),Essex Road,EXR,51.5407328,-0.0961859
National Rail,Govia Thameslink Railway (Southern),Rye,RYE,50.952632,0.7310208
National Rail,South Western Railway,Ascot,ACT,51.4062463,-0.6767778
National Rail,South Western Railway,Windsor and Eton Riverside,WNR,51.4866279,-0.6053949
National Rail,Govia Thameslink Railway (Southern),Ham Street,HMT,51.0681986,0.8545851
National Rail,Greater Anglia,Ingatestone,INT,51.6670001,0.3842646
National Rail,Greater Thameslink Railway,Cricklewood,CRI,51.5587554,-0.2129746
National Rail,West Midlands Trains (London Northwestern Railway),Hemel Hempstead,HML,51.7422715,-0.4911208
National Rail,Southeastern,Margate,MAR,51.3851637,1.3719521
National Rail,Great Western Railway,North Camp,NCM,51.2753951,-0.7307328
National Rail,Southeastern,Waterloo East,WAE,51.5042171,-0.1082027
National Rail,Network Rail,London King's Cross,KGX,51.5323954,-0.1230224
National Rail,Southeastern,Hayes,HYS,51.3765959,0.0095073
National Rail,Southeastern,Maze Hill,MZH,51.4826479,0.00375
National Rail,Southeastern,Bexleyheath,BXH,51.4635649,0.1329448
National Rail,Southeastern,Belvedere,BVD,51.4922273,0.1533667
National Rail,Govia Thameslink Railway (Southern),Coulsdon South,CDS,51.315543,-0.137974
National Rail,South Western Railway,Ashford,AFS,51.436496,-0.4683126
National Rail,Southeastern,Falconwood,FCN,51.4592305,0.0793044
National Rail,Great Western Railway,Marlow,MLW,51.571086,-0.7664026
National Rail,Southeastern,Charlton,CTN,51.4867602,0.030809
National Rail,West Midlands Trains (London Northwestern Railway),Milton Keynes Central,MKC,52.0342006,-0.7748261
National Rail,Greater Thameslink Railway,London Blackfriars,BFR,51.5104871,-0.1032417
National Rail,Great Western Railway,Avonmouth,AVN,51.4997221,-2.6988623
National Rail,Great Western Railway,Sea Mills,SML,51.4795006,-2.6496514
National Rail,Greater Anglia,Ponders End,PON,51.6428468,-0.0347864
National Rail,Greater Anglia,Lea Bridge,LEB,51.5667512,-0.0371218
National Rail,Network Rail,Bristol Temple Meads,BRI,51.4490991,-2.5804029
National Rail,Northern Trains,Chester-le-Street,CLS,54.8545355,-1.5782541
National Rail,London North Eastern Railway,Durham,DHM,54.7797488,-1.5815122
National Rail,Northern Trains,Kendal,KEN,54.3322466,-2.7401448
National Rail,Avanti West Coast,Lancaster,LAN,54.0488361,-2.807799
National Rail,Northern Trains,St Annes-on-the-Sea,SAS,53.7531813,-3.02895
National Rail,Greater Thameslink Railway,Elstree & Borehamwood,ELS,51.652819,-0.2798815
National Rail,Northern Trains,Kiveton Park,KVP,53.3367636,-1.2395678
National Rail,South Western Railway,Kingston,KNG,51.4129328,-0.3018196
National Rail,South Western Railway,Redbridge,RDB,50.9195374,-1.469603
National Rail,East Midlands Railway,Sileby,SIL,52.7311264,-1.1094383
National Rail,Great Western Railway,Dorchester West,DCW,50.7109324,-2.4426484
National Rail,TransPennine Express,Thornaby,TBY,54.5591886,-1.3016958
National Rail,West Midlands Trains (London Northwestern Railway),Winsford,WSF,53.1904159,-2.4943089
National Rail,Govia Thameslink Railway (Southern),Banstead,BAD,51.3294324,-0.2137196
National Rail,South Western Railway,Dorchester South,DCH,50.7091366,-2.4374501
National Rail,Avanti West Coast,Oxenholme Lake District,OXN,54.3050597,-2.7217774
National Rail,West Midlands Trains (West Midlands Railway),Berkswell,BKW,52.3960838,-1.6417904
National Rail,Chiltern Railways,Wembley Stadium,WCX,51.5542489,-0.2847664
National Rail,Chiltern Railways,Sudbury & Harrow Road,SUD,51.5543352,-0.3160599
National Rail,East Midlands Railway,Ilkeston,ILN,52.9790983,-1.2950397
National Rail,West Midlands Trains (West Midlands Railway),Longbridge,LOB,52.3970107,-1.9807611
National Rail,Northern Trains,Arnside,ARN,54.202601,-2.8280672
National Rail,South Western Railway,Sholing,SHO,50.8964487,-1.364194
National Rail,Transport for Wales,Llansamlet,LAS,51.6615072,-3.8854619
National Rail,Southeastern,Ramsgate,RAM,51.3410764,1.4052264
National Rail,South Western Railway,Woolston,WLS,50.8990424,-1.3766466
National Rail,South Western Railway,Swaythling,SWG,50.9411238,-1.3764672
National Rail,South Western Railway,Bitterne,BTE,50.9181488,-1.3769392
National Rail,ScotRail,Lanark,LNK,55.6735029,-3.7724229
National Rail,East Midlands Railway,Bulwell,BLW,52.9993437,-1.1953957
National Rail,Northern Trains,Hellifield,HLD,54.0104821,-2.2269493
National Rail;London Underground;London Overground,London Underground,Wembley Central,WMB,51.5523278,-0.2966751
National Rail,ScotRail,Carnoustie,CAN,56.5006776,-2.7053474
National Rail,ScotRail,Kirkcaldy,KDY,56.1120419,-3.1670184
National Rail,ScotRail,Kinbrace,KBC,58.2585833,-3.9411518
National Rail,ScotRail,Duncraig,DCG,57.3369369,-5.6371138
National Rail,ScotRail,Attadale,ATT,57.3944792,-5.455396
National Rail,ScotRail,Invershin,INH,57.9248518,-4.3995831
National Rail,ScotRail,Kildonan,KIL,58.1707751,-3.8690934
National Rail,ScotRail,Lochluichart,LCC,57.6218024,-4.8089907
National Rail,ScotRail,Culrain,CUA,57.9195944,-4.404528
National Rail,ScotRail,Scotscalder,SCT,58.4828499,-3.55207
National Rail,ScotRail,Achnashellach,ACH,57.482028,-5.3333224
National Rail,ScotRail,Rogart,ROG,57.9886311,-4.158287
National Rail,ScotRail,Achanalt,AAT,57.6096032,-4.9138447
National Rail,ScotRail,Duirinish,DRN,57.3198325,-5.6916167
National Rail,ScotRail,Tyndrum Lower,TYL,56.4336045,-4.7134443
National Rail,ScotRail,Corpach,CPA,56.8427664,-5.1221182
National Rail,ScotRail,Connel Ferry,CON,56.4524716,-5.3832916
National Rail,ScotRail,Alexandria,ALX,55.9852719,-4.5773243
National Rail,ScotRail,Montrose,MTS,56.7128296,-2.4722165
National Rail,ScotRail,Loch Awe,LHA,56.4018224,-5.0416851
National Rail,ScotRail,Arisaig,ARG,56.9129624,-5.8396337
National Rail,ScotRail,Falls of Cruachan,FOC,56.3940171,-5.1127256
National Rail,ScotRail,Renton,RTN,55.9703118,-4.5863543
National Rail,ScotRail,Balloch,BHC,56.0023629,-4.5832835
National Rail,ScotRail,Barnhill,BNL,55.8777405,-4.2233317
National Rail,ScotRail,Roy Bridge,RYB,56.8883373,-4.8371115
National Rail,Govia Thameslink Railway (Great Northern),Ashwell & Morden,AWM,52.0306258,-0.1099212
National Rail,Northern Trains,Marton,MTO,54.544225,-1.1983615
National Rail,ScotRail,Carntyne,CAY,55.8548998,-4.1791751
National Rail,ScotRail,Garrowhill,GAR,55.855046,-4.129839
National Rail,ScotRail,Larbert,LBT,56.0221353,-3.8297927
National Rail,ScotRail,Prestonpans,PST,55.9527764,-2.9754522
National Rail,Northern Trains,Poulton-le-Fylde,PFY,53.8482922,-2.9896795
National Rail,ScotRail,Drumgelloch,DRU,55.8676763,-3.9483149
National Rail,ScotRail,Shettleston,SLS,55.8536445,-4.1595853
National Rail,TransPennine Express,Malton,MLT,54.1318572,-0.7977286
National Rail,Govia Thameslink Railway (Great Northern),Foxton,FXN,52.1193575,0.0569774
National Rail,ScotRail,Gartcosh,GRH,55.8856215,-4.0793828
National Rail,ScotRail,Livingston North,LSN,55.9015081,-3.5436081
National Rail,Greater Anglia,Harwich Town,HWC,51.9441577,1.2866273
National Rail,ScotRail,Coatdyke,COA,55.864404,-4.0049999
National Rail,Greater Anglia,Burnham-on-Crouch,BUU,51.6336033,0.8136583
National Rail,ScotRail,Stepps,SPS,55.8901268,-4.1404382
National Rail,Chiltern Railways,Warwick,WRW,52.28662,-1.5817112
National Rail,Greater Anglia,Southminster,SMN,51.6606424,0.8353716
National Rail,Govia Thameslink Railway (Great Northern),Shepreth,STH,52.114457,0.0316482
National Rail,ScotRail,Uphall,UHA,55.9190379,-3.5019033
National Rail,ScotRail,Musselburgh,MUB,55.933457,-3.0724862
National Rail,ScotRail,Kelvindale,KVD,55.8934819,-4.31008
National Rail,Greater Anglia,Battlesbridge,BLB,51.6249307,0.5656286
National Rail,ScotRail,Bridge of Allan,BEA,56.1567462,-3.9572856
National Rail,ScotRail,Newtonmore,NWR,57.0591332,-4.1189471
National Rail,West Midlands Trains (West Midlands Railway),Tile Hill,THL,52.3951906,-1.5972825
National Rail,ScotRail,Beasdale,BSL,56.9000736,-5.7639221
National Rail,Greater Anglia,Althorne,ALN,51.6477849,0.7517966
National Rail,Northern Trains,Buckshaw Parkway,BSV,53.6729554,-2.6589846
National Rail,Northern Trains,Gypsy Lane,GYP,54.5333293,-1.1803117
National Rail,ScotRail,Bathgate,BHG,55.8971052,-3.6362736
National Rail,ScotRail,Camelon,CMO,56.0062328,-3.8183922
National Rail,ScotRail,North Berwick,NBW,56.0566405,-2.7309712
National Rail,West Midlands Trains (West Midlands Railway),Worcester Foregate Street,WOF,52.1953125,-2.2207771
National Rail,West Midlands Trains (West Midlands Railway),Hartlebury,HBY,52.3344413,-2.2210855
National Rail,ScotRail,Armadale,ARM,55.8865302,-3.6929618
National Rail,ScotRail,Caldercruix,CAC,55.8880483,-3.8887176
National Rail,Northern Trains,Rufford,RUF,53.6343744,-2.8079516
National Rail,Govia Thameslink Railway (Great Northern),Sandy,SDY,52.1249106,-0.2809477
National Rail,ScotRail,Arbroath,ARB,56.5593376,-2.5892737
National Rail,Northern Trains,Morpeth,MPT,55.1623623,-1.6831484
National Rail,ScotRail,Falkirk Grahamston,FKG,56.0023684,-3.7854737
National Rail,ScotRail,Stonehaven,STN,56.9668616,-2.225283
National Rail,ScotRail,Inverkeithing,INK,56.0352386,-3.3954171
National Rail,ScotRail,Partick (Rail),PTK,55.8699211,-4.3094365
National Rail,ScotRail,Golf Street,GOF,56.4979456,-2.7201226
National Rail,Northern Trains,Bradford Interchange,BDI,53.790494,-1.7491251
National Rail,Greater Anglia,South Woodham Ferrers,SOF,51.6494076,0.6060545
National Rail,Great Western Railway,Worcestershire Parkway,WOP,52.1561771,-2.1600339
National Rail,West Midlands Trains (West Midlands Railway),Smethwick Galton Bridge,SGB,52.5021195,-1.9804372
National Rail,Northern Trains,Wombwell,WOM,53.5174468,-1.4163018
National Rail,West Midlands Trains (West Midlands Railway),Selly Oak,SLY,52.4418625,-1.9355913
National Rail,West Midlands Trains (West Midlands Railway),Bournville,BRV,52.4273889,-1.9266683
National Rail,West Midlands Trains (West Midlands Railway),Five Ways,FWY,52.4710941,-1.9130708
National Rail,West Midlands Trains (West Midlands Railway),Small Heath,SMA,52.4636809,-1.8593194
National Rail,West Midlands Trains (West Midlands Railway),Tyseley,TYS,52.4539238,-1.8385604
National Rail,West Midlands Trains (West Midlands Railway),Acocks Green,ACG,52.449547,-1.8192198
National Rail,West Midlands Trains (West Midlands Railway),Hamstead,HSD,52.5309945,-1.9288687
National Rail,ScotRail,Ashfield,ASF,55.8888403,-4.2484588
National Rail,ScotRail,Possilpark and Parkhouse,PPK,55.890141,-4.2583527
National Rail,Northern Trains,Blackpool South,BPS,53.7984415,-3.04882
National Rail,West Midlands Trains (West Midlands Railway),Duddeston,DUD,52.4884888,-1.8712807
National Rail,Greater Anglia,Diss,DIS,52.3736162,1.1235411
National Rail,West Midlands Trains (West Midlands Railway),Danzey,DZY,52.3247544,-1.8208401
National Rail,Northern Trains,Bolton-upon-Dearne,BTD,53.5188149,-1.3114857
National Rail,Northern Trains,Goldthorpe,GOE,53.5338284,-1.3128969
National Rail,Northern Trains,Thurnscoe,THC,53.5455375,-1.3083856
National Rail,Northern Trains,Moorthorpe,MRP,53.5948943,-1.3048115
National Rail,Northern Trains,Normanton,NOR,53.7004001,-1.4235073
National Rail,Northern Trains,Snaith,SNI,53.6931673,-1.0279398
National Rail,Northern Trains,Whitley Bridge,WBD,53.6991292,-1.1588897
National Rail,Northern Trains,Knottingley,KNO,53.7064452,-1.2592535
National Rail,Northern Trains,Glasshoughton,GLH,53.7090568,-1.3420479
National Rail,Northern Trains,Pontefract Monkhill,PFM,53.6988004,-1.3041376
National Rail,Northern Trains,Castleford,CFD,53.7240751,-1.3551009
National Rail,Northern Trains,Goole,GOO,53.7049682,-0.874258
National Rail,Northern Trains,Thorne North,TNN,53.6161857,-0.9724456
National Rail,Northern Trains,Horden,HRE,54.7637874,-1.3071992
National Rail,Transport for Wales,Bow Street,BOW,52.4399137,-4.0303603
National Rail,Great Western Railway,Mortimer,MOR,51.3720595,-1.0356438
National Rail,Great Western Railway,Bramley,BMY,51.3299792,-1.0608367
National Rail,ScotRail,Dumbarton East,DBE,55.9423477,-4.5540413
National Rail,West Midlands Trains (London Northwestern Railway),Northampton,NMP,52.2373719,-0.9069697
National Rail,Transport for Wales,Hawarden,HWD,53.1848468,-3.0320721
National Rail,West Midlands Trains (West Midlands Railway),Cannock,CAO,52.6860971,-2.0223507
National Rail,West Midlands Trains (West Midlands Railway),Witton,WTT,52.512194,-1.8839327
National Rail,West Midlands Trains (West Midlands Railway),Earlswood,EWD,52.3665989,-1.8614034
National Rail,West Midlands Trains (West Midlands Railway),The Lakes,TLK,52.3590972,-1.8446544
National Rail,ScotRail,Inverness Airport,IVA,57.5333636,-4.055475
National Rail,Greater Anglia,Wickham Market,WCM,52.1510336,1.3986272
National Rail,Govia Thameslink Railway (Great Northern),Alexandra Palace,AAP,51.5982024,-0.1206625
National Rail,Govia Thameslink Railway (Great Northern),New Southgate,NSG,51.613804,-0.1428091
National Rail,Govia Thameslink Railway (Great Northern),Oakleigh Park,OKL,51.6376675,-0.1662251
National Rail,Govia Thameslink Railway (Great Northern),New Barnet,NBA,51.6482779,-0.1726236
National Rail,Southeastern,Sundridge Park,SUP,51.4139567,0.021475
National Rail,Govia Thameslink Railway (Southern),West Norwood,WNW,51.4316272,-0.1034911
National Rail,Govia Thameslink Railway (Southern),Gipsy Hill,GIP,51.4245334,-0.0840424
National Rail,Govia Thameslink Railway (Southern),Birkbeck,BIK,51.4034563,-0.0565394
National Rail,Govia Thameslink Railway (Southern),East Dulwich,EDW,51.4610374,-0.0807982
National Rail,Great Western Railway,South Greenford,SGN,51.5332032,-0.3364379
National Rail,Great Western Railway,Castle Bar Park,CBP,51.5228669,-0.3315024
National Rail,Great Western Railway,Drayton Green,DRG,51.5163854,-0.3301943
National Rail,Great Western Railway,Windsor and Eton Central,WNC,51.4832744,-0.6105638
National Rail,West Midlands Trains (West Midlands Railway),Blake Street,BKT,52.6043776,-1.8446597
National Rail,Transport for Wales,Wrexham General,WRX,53.0505698,-3.0015161
National Rail,Southeastern,Ashford International,AFK,51.143379,0.8752323
National Rail,Greater Anglia,Colchester,COL,51.9005793,0.8924554
National Rail,Northern Trains,Cramlington,CRM,55.0877627,-1.5986832
National Rail,Greater Anglia,Woodbridge,WDB,52.0902961,1.3178856
DART,DART,Luton DART Parkway,LPD,51.8726445,-0.3951825
DART,DART,Central Terminal,LUA,51.8785942,-0.3737972
National Rail,West Midlands Trains (West Midlands Railway),Old Hill,OHL,52.4707939,-2.0561814
National Rail,West Midlands Trains (West Midlands Railway),Coseley,CSY,52.5453191,-2.0858098
National Rail,West Midlands Trains (West Midlands Railway),Spring Road,SRI,52.444262,-1.8362585
National Rail,Northern Trains,Hag Fold,HGF,53.5335276,-2.4938302
National Rail,West Midlands Trains (West Midlands Railway),Adderley Park,ADD,52.4830636,-1.8554151
National Rail,Great Western Railway,Marsh Barton,MBT,50.7043896,-3.521486
National Rail,West Midlands Trains (West Midlands Railway),Wootton Wawen,WWW,52.2658372,-1.7845997
National Rail,West Midlands Trains (West Midlands Railway),Hall Green,HLG,52.4369843,-1.8455704
National Rail,West Midlands Trains (West Midlands Railway),Olton,OLT,52.4384167,-1.804385
National Rail,Chiltern Railways,Birmingham Moor Street,BMO,52.4789357,-1.8919518
National Rail,West Midlands Trains (West Midlands Railway),Marston Green,MGN,52.4668809,-1.7550948
National Rail,Greater Thameslink Railway,Luton,LUT,51.8825271,-0.4140848
National Rail,West Midlands Trains (West Midlands Railway),Four Oaks,FOK,52.5795454,-1.8280314
National Rail,ScotRail,Gilshochill,GSC,55.8972879,-4.2824637
National Rail,ScotRail,Strathcarron,STC,57.4227498,-5.4285637
National Rail,Northern Trains,Roose,ROO,54.1150592,-3.1943835
National Rail,Northern Trains,Meols Cop,MEC,53.6460698,-2.9753812
National Rail,West Midlands Trains (West Midlands Railway),Shirley,SRL,52.4035742,-1.8451962
National Rail,Transport for Wales,Pye Corner,PYE,51.5813041,-3.0412227
National Rail,Govia Thameslink Railway (Southern),Tulse Hill,TUH,51.4399271,-0.1048466
National Rail,Merseyrail,Headbolt Lane,HBL,53.4915834,-2.8837132
National Rail,Great Western Railway,Reading Green Park,RGP,51.4265936,-1.0013637
National Rail,Govia Thameslink Railway (Southern),Portslade,PLD,50.8357461,-0.2052959
National Rail,Greater Thameslink Railway,Brent Cross West,BCZ,51.5688188,-0.2265437
Elizabeth line,Elizabeth line,Canary Wharf,CWX,51.5061102,-0.0176241
London Underground,London Underground,Nine Elms,ZNI,51.4801837,-0.1296937
London Underground,London Underground,Battersea Power Station,ZPN,51.4796154,-0.1429709
National Rail,West Midlands Trains (West Midlands Railway),Wilmcote,WMC,52.2225644,-1.7557915
London Overground,London Overground,Barking Riverside,BGV,51.5195582,0.1160126
National Rail,West Midlands Trains (West Midlands Railway),Alvechurch,ALV,52.3468326,-1.9679677
National Rail,Northern Trains,Aspatria,ASP,54.7589539,-3.3318813
National Rail,Northern Trains,Corkickle,CKL,54.5416692,-3.5821304
National Rail,Northern Trains,Parton,PRN,54.5704232,-3.5807799
National Rail,Transport for Wales,Cynghordy,CYN,52.0514798,-3.7484121
National Rail,Great Western Railway,Portway Park and Ride,PRI,51.4881079,-2.6875586
National Rail,Transport for Wales,Crosskeys,CKY,51.6207575,-3.1258367
National Rail,West Midlands Trains (West Midlands Railway),Yardley Wood,YRD,52.421023,-1.8545598
National Rail,ScotRail,Reston,RSN,55.849914,-2.1926024
Elizabeth line,Elizabeth line,Custom House,CUS,51.5098025,0.0272279
Elizabeth line,Transport for London,Bond Street,BDS,51.5135348,-0.1470905
Elizabeth line,Transport for London,Tottenham Court Road,TCR,51.5153354,-0.1325199
National Rail,Northern Trains,Ince,INC,53.539096,-2.6127432
National Rail,Northern Trains,Hindley,HIN,53.5424521,-2.574565
National Rail,Northern Trains,Patricroft,PAT,53.4848233,-2.3573446
National Rail,Northern Trains,Heald Green,HDG,53.3694132,-2.2366797
National Rail,Northern Trains,Mauldeth Road,MAU,53.4336613,-2.208947
National Rail,Merseyrail,Hamilton Square,BKQ,53.3943237,-3.0140763
National Rail,Merseyrail,Conway Park,CNP,53.3935254,-3.0230881
National Rail,Merseyrail,Birkenhead Park,BKP,53.3975951,-3.0398169
National Rail,Merseyrail,Birkenhead North,BKN,53.404707,-3.0579268
National Rail,Merseyrail,Bidston,BID,53.4093577,-3.078782
National Rail,Merseyrail,Meols,MEO,53.3994382,-3.1539246
National Rail,Merseyrail,Manor Road,MNR,53.3949574,-3.1700493
National Rail,Merseyrail,Hoylake,HYK,53.3899025,-3.1788231
National Rail,Merseyrail,West Kirby,WKI,53.3734193,-3.1837893
National Rail,Merseyrail,Wallasey Village,WLV,53.4229804,-3.0691606
National Rail,Merseyrail,Wallasey Grove Road,WLG,53.4284435,-3.0697346
National Rail,Merseyrail,Rock Ferry,RFY,53.3728002,-3.0108212
National Rail,Merseyrail,Bebington,BEB,53.3576614,-3.0030663
National Rail,Merseyrail,Spital,SPI,53.3400511,-2.9940923
National Rail,Merseyrail,Bromborough,BOM,53.3218579,-2.9868878
National Rail,Merseyrail,Eastham Rake,ERA,53.3075725,-2.981272
National Rail,Merseyrail,Hooton,HOO,53.2969936,-2.9773177
National Rail,Merseyrail,Little Sutton,LTT,53.2853509,-2.9431269
National Rail,Merseyrail,Overpool,OVE,53.2840873,-2.9249263
National Rail,Merseyrail,Capenhurst,CPU,53.260233,-2.9426005
National Rail,Merseyrail,Bache,BAC,53.2082623,-2.8913945
National Rail,Transport for Wales,Cardiff Queen Street,CDQ,51.4820022,-3.1702926
National Rail,ScotRail,Barrhead,BRR,55.8039857,-4.3971091
National Rail,ScotRail,Kirkhill,KKH,55.8141497,-4.1679698
National Rail,Northern Trains,St Helens Central,SNH,53.4526608,-2.7299776
National Rail,ScotRail,Barassie,BSS,55.5616026,-4.6514551
National Rail,ScotRail,Ayr,AYR,55.4582668,-4.6258275
National Rail,ScotRail,Leven,LEV,56.19246,-3.0022502
National Rail,West Midlands Trains (West Midlands Railway),Willenhall,WIA,52.5819449,-2.0551823
National Rail,West Midlands Trains (West Midlands Railway),Darlaston,DAS,52.5757578,-2.0204169
National Rail,Greater Anglia,Cambridge South,CMS,52.1740325,0.1312738
National Rail,ScotRail,East Linton,ELT,55.9871488,-2.6628247
National Rail,Great Western Railway,Ashley Down,ASD,51.4781307,-2.5766511
National Rail,Greater Anglia,Beaulieu Park,BPA,51.757694,0.5194956
National Rail,Great Western Railway,Sampford Courtenay,SFC,50.7901245,-3.9400112
National Rail,ScotRail,IBM,IBM,55.932815,-4.79374
National Rail,Northern Trains,Ashington,ASL,55.1812,-1.5684
National Rail,Northern Trains,Newsham,NWH,55.1098,-1.5287
National Rail,Northern Trains,Teesside Airport,TEA,54.5161,-1.4286
National Rail,Transport for Wales,Llanhilleth,LTH,51.7011,-3.1362
Bus,PLUSBUS,Oswestry Bus Station,OSW,52.8619,-3.0508
National Rail,Northern Trains,Redcar British Steal,RBS,54.609888,-1.1126612
